성별,나이대,동행인,가격대,방문시간대,분위기,한식선호,중식선호,일식선호,양식선호,동남아선호,분식선호,주점선호,뷔페선호,매움비선호,자극적비선호,향신료비선호,해산물비선호,견과류비선호,밀가루비선호,유제품비선호,만족
0,0,5,2,0,0,0,1,0,0,0,0,0,0,0,0,0,0,1,1,0,0
1,0,0,0,0,0,0,0,0,1,0,0,0,0,0,0,0,0,0,1,1,0
1,1,3,2,0,0,0,0,1,0,0,1,0,0,0,0,0,0,0,0,0,1
1,0,0,3,0,1,0,0,0,0,1,0,1,0,0,0,0,0,0,0,0,0
1,4,0,3,0,2,0,0,0,0,1,1,0,0,0,0,0,0,0,0,0,0
0,0,5,1,1,0,0,1,0,0,0,0,0,0,0,0,1,0,0,0,0,1
1,1,2,2,0,2,0,1,0,0,1,0,0,0,0,1,0,0,1,0,0,1
0,1,3,3,1,2,0,0,0,0,0,1,0,0,0,0,0,0,0,0,0,1
0,2,3,2,0,0,0,0,0,1,0,1,0,0,0,0,0,1,0,0,0,1
1,1,2,1,0,2,0,0,0,0,1,0,1,0,0,0,1,0,0,0,0,1
0,4,3,0,0,0,0,0,1,0,0,0,0,0,0,0,0,1,1,0,0,0
1,3,4,3,2,1,0,1,0,0,0,0,0,0,0,0,1,0,1,0,0,1
1,0,2,3,0,1,0,0,0,0,1,0,0,0,0,1,0,0,0,0,1,0
0,5,2,1,0,1,1,0,0,0,0,0,0,0,0,0,1,1,0,0,0,0
0,2,2,1,0,0,0,1,0,0,0,0,0,0,1,0,0,1,0,0,0,1
0,1,5,3,2,0,0,1,0,0,0,0,1,0,0,0,0,0,0,1,1,0
0,5,2,3,2,2,0,0,0,0,1,0,0,1,1,0,0,0,0,0,0,0
0,0,2,0,2,2,0,0,0,1,0,0,0,0,0,0,0,0,0,0,0,1
0,1,0,0,1,0,0,0,0,0,1,0,0,0,0,1,0,1,0,0,0,0
0,5,4,3,0,1,1,0,0,1,0,0,0,0,0,0,0,0,0,0,0,1
1,2,3,3,1,2,0,1,0,0,0,0,0,0,0,0,0,0,0,0,0,1
1,0,1,1,0,2,0,0,1,1,0,0,0,0,0,0,0,0,0,0,0,1
1,1,0,3,2,0,1,0,0,0,0,0,0,0,0,0,0,0,0,0,0,1
0,1,3,3,1,0,1,1,0,0,0,0,0,0,1,0,0,0,0,0,0,1
1,3,2,3,2,2,0,1,1,0,0,0,0,0,0,1,0,0,0,0,0,1
0,4,5,0,2,1,1,0,0,0,0,0,0,0,0,0,0,1,1,0,0,1
0,0,4,0,0,0,0,0,0,1,0,0,0,0,1,0,0,0,0,0,0,1
0,4,4,0,2,0,0,0,1,0,0,1,0,0,0,0,0,0,0,0,0,0
1,1,2,3,0,2,0,0,1,0,0,0,0,1,0,0,0,0,0,0,0,1
1,4,4,0,0,2,0,0,0,0,1,0,0,0,0,0,0,0,0,0,0,0
1,0,1,2,1,0,0,0,0,0,1,0,0,1,1,0,0,0,1,0,0,1
1,5,0,1,1,0,0,0,1,0,0,0,0,0,0,0,1,0,0,0,0,0
0,5,2,1,2,2,0,0,1,0,0,0,0,1,0,0,0,0,0,0,0,1
1,2,0,0,1,0,0,0,1,0,0,1,0,0,0,0,0,0,1,0,0,0
1,4,0,0,0,2,1,0,0,0,0,0,0,0,0,0,0,0,1,0,0,0
0,3,1,0,1,1,0,0,0,0,0,1,0,0,0,0,0,0,0,0,0,1
0,5,0,2,2,1,0,0,0,1,0,0,0,0,0,0,0,0,0,0,0,1
0,3,0,1,2,1,0,0,1,1,0,0,0,0,0,0,0,0,0,0,0,1
0,3,0,3,0,0,0,0,1,0,0,1,0,0,0,0,0,0,0,0,0,0
0,5,1,3,1,1,0,0,0,0,1,0,0,0,0,0,0,0,0,1,0,0
1,5,4,2,0,0,0,0,1,0,1,0,0,0,1,0,0,0,0,0,0,0
1,2,5,2,1,2,0,0,0,0,0,0,1,0,0,1,1,0,0,0,0,1
1,0,4,1,1,1,0,0,0,0,0,1,0,0,0,0,1,0,0,1,0,1
0,5,2,2,2,1,0,0,0,0,0,1,1,0,0,0,0,0,1,0,0,1
0,3,5,3,2,2,0,0,0,0,1,0,0,0,0,0,0,0,1,0,0,1
0,2,2,1,1,2,0,0,0,1,0,0,0,1,0,0,0,0,0,1,0,1
1,5,1,0,1,2,0,1,0,0,0,0,1,0,0,0,0,0,0,0,0,1
1,1,1,1,0,0,0,0,0,0,0,0,0,1,1,0,0,0,0,0,1,1
1,5,4,1,2,2,0,0,0,1,0,0,0,1,0,0,0,0,0,0,0,1
0,0,3,1,0,2,1,0,0,0,1,0,0,0,0,0,0,0,0,0,0,1
0,3,1,3,2,2,0,0,0,0,1,0,0,1,0,0,0,1,1,0,0,1
1,1,5,3,1,1,0,0,0,0,1,0,0,0,0,0,0,1,0,1,0,0
1,3,0,2,0,1,0,0,0,0,1,1,0,0,0,0,0,0,0,0,0,0
0,1,3,1,2,0,0,0,0,0,0,0,1,0,0,0,1,0,0,0,0,1
1,3,0,1,1,1,0,0,0,0,0,0,1,0,1,0,0,0,0,0,0,1
1,2,3,3,2,2,0,0,0,0,0,0,0,1,0,0,0,0,0,0,0,0
1,3,0,3,1,2,0,0,1,0,0,0,1,0,0,1,0,0,0,0,0,0
0,3,4,0,0,2,0,0,1,0,0,0,1,0,0,1,0,0,0,0,0,0
1,3,2,1,1,1,0,0,1,0,0,0,1,0,0,0,1,0,0,0,0,1
0,3,0,0,1,0,1,0,0,0,0,0,0,0,0,0,0,0,0,0,0,0
0,1,0,1,0,0,0,1,0,0,1,0,0,0,0,0,0,0,0,0,0,1
1,2,1,0,0,1,1,0,0,0,0,0,0,0,0,0,0,0,1,0,0,1
1,3,5,1,0,2,0,1,0,0,0,0,0,0,0,0,1,0,0,0,1,0
0,4,0,2,2,1,0,1,0,0,1,0,0,0,1,0,1,0,0,0,0,1
1,3,0,3,1,2,0,0,1,1,0,0,0,0,0,0,0,0,0,0,0,1
1,4,4,3,1,1,0,0,0,0,0,1,1,0,0,0,0,0,0,0,0,1
0,2,3,1,1,2,1,0,0,0,0,1,0,0,0,0,0,0,0,0,1,0
0,3,1,2,1,1,0,0,0,0,1,0,0,1,0,0,0,0,0,0,0,1
0,0,1,3,1,2,0,0,0,0,0,0,0,1,0,0,0,1,0,1,0,0
0,0,2,1,1,2,0,0,0,0,1,0,0,0,0,0,1,0,1,0,0,1
1,3,5,2,1,2,0,0,1,0,1,0,0,0,0,1,0,0,0,0,0,0
0,2,0,1,0,0,0,0,0,0,1,1,0,0,0,0,0,0,1,0,1,0
1,0,1,2,0,1,0,0,0,0,1,0,0,0,0,0,0,0,0,0,0,1
0,2,0,0,2,1,0,0,0,0,0,0,0,1,0,0,0,0,0,0,0,1
0,4,2,3,1,1,1,0,1,0,0,0,0,0,0,0,0,0,0,0,1,0
0,0,3,3,0,2,0,0,1,0,0,0,0,0,0,0,0,0,0,0,0,1
1,0,1,0,2,1,0,0,0,0,0,0,1,0,0,0,0,1,0,0,0,0
1,2,4,0,2,2,0,0,0,1,0,0,0,0,0,1,1,0,0,0,0,1
0,1,1,1,2,0,1,0,0,0,0,0,0,0,0,0,0,1,0,0,0,1
1,2,0,1,1,2,1,0,0,0,0,0,0,1,0,1,1,0,0,0,0,1
0,3,0,1,2,0,1,0,1,0,0,0,0,0,0,0,0,0,0,0,0,0
1,4,5,2,1,0,0,0,0,0,1,1,0,0,0,0,1,0,0,0,0,0
1,3,0,0,1,2,1,0,0,0,1,0,0,0,0,0,0,0,0,0,0,0
0,5,2,0,0,1,0,1,0,0,1,0,0,0,0,0,0,1,0,1,0,0
1,0,3,2,1,1,0,1,0,0,0,0,1,0,0,0,0,0,0,0,0,1
1,5,3,2,2,1,0,0,0,0,0,0,0,1,0,0,0,0,0,0,0,0
1,2,0,3,2,0,1,0,0,0,0,0,1,0,0,0,0,0,0,0,0,0
1,4,3,3,0,0,0,0,1,0,0,0,0,1,0,0,0,0,0,1,0,0
0,0,5,1,2,0,1,0,0,0,1,0,0,0,1,0,0,0,0,0,0,1
0,3,0,1,1,2,0,0,0,1,1,0,0,0,0,0,0,1,0,0,0,0
1,4,1,3,0,2,0,1,0,0,0,0,0,0,0,0,0,0,0,0,1,0
1,2,4,2,0,1,0,0,0,0,0,0,1,1,0,0,0,0,0,0,0,1
1,2,2,3,1,1,0,0,0,1,0,0,0,0,0,1,0,1,0,0,0,1
1,0,2,3,2,1,0,0,1,1,0,0,0,0,0,0,0,0,0,0,0,1
1,0,3,0,2,1,0,0,1,0,0,0,0,0,0,0,0,0,0,0,1,0
0,0,3,2,1,2,0,1,0,0,0,0,1,0,0,0,0,0,0,0,1,0
1,2,5,3,2,0,0,0,0,1,0,0,0,0,0,0,1,0,0,1,0,1
0,3,0,0,1,0,1,0,0,0,0,0,0,1,0,0,0,0,0,0,1,0
1,2,2,3,0,0,0,1,1,0,0,0,0,0,0,0,0,0,0,0,0,1
1,4,5,1,1,2,0,0,0,1,0,0,0,0,0,0,0,0,0,1,0,0
1,2,5,0,1,1,0,1,0,0,0,0,0,0,0,0,1,0,0,0,0,1
1,5,3,2,1,1,0,0,0,0,0,0,1,0,1,0,0,0,0,0,0,0
1,4,2,2,2,1,0,0,0,0,0,0,1,0,1,0,0,0,0,0,0,1
0,4,5,3,1,0,0,0,0,1,0,1,0,0,0,0,0,0,0,0,0,1
1,5,5,1,2,0,0,0,0,0,1,0,0,0,1,0,0,0,0,0,0,0
1,5,1,0,1,1,0,1,1,0,0,0,0,0,0,0,0,0,0,0,0,1
1,4,4,2,0,1,0,0,0,0,1,1,0,0,0,0,0,0,0,0,1,0
1,0,1,1,2,2,1,0,0,0,0,1,0,0,1,0,0,0,0,0,0,1
0,3,2,2,2,1,0,1,0,0,0,1,0,0,0,0,0,0,0,0,0,1
0,4,4,2,2,0,0,0,0,0,0,0,0,1,0,0,1,0,0,1,0,0
0,1,0,0,1,1,0,1,0,0,0,0,0,0,0,0,0,0,0,0,0,1
0,3,3,2,2,2,0,0,1,1,0,0,0,0,1,0,0,1,0,0,0,1
1,2,0,2,0,1,0,0,0,1,0,0,1,0,1,0,0,0,0,0,0,1
1,4,5,2,0,1,1,0,0,1,0,0,0,0,1,0,0,0,0,0,0,1
0,5,5,0,0,1,0,0,1,0,0,0,0,0,1,1,0,0,0,0,0,1
0,4,1,1,1,0,0,0,0,0,1,0,0,0,0,0,0,0,0,0,0,1
1,1,0,0,0,0,0,0,0,1,1,0,0,0,1,0,0,0,0,0,0,0
1,0,1,3,2,0,0,0,0,0,0,0,0,1,0,0,0,0,0,0,1,0
0,3,4,1,2,0,0,0,0,0,0,1,0,1,0,0,0,0,0,0,0,0
1,3,3,0,1,2,1,1,0,0,0,0,0,0,0,0,0,0,1,0,0,0
0,1,2,2,1,2,0,0,0,0,1,0,0,1,1,0,0,1,0,0,0,1
0,5,5,1,1,1,0,0,0,0,0,0,1,0,0,0,0,0,0,0,1,0
1,3,5,0,1,1,0,0,1,0,1,0,0,0,0,0,0,0,0,0,0,1
1,0,0,0,0,1,0,0,0,0,0,1,0,0,0,0,0,0,0,0,0,0
0,4,4,2,2,0,0,0,0,0,0,1,1,0,0,0,0,1,0,0,1,0
0,2,4,2,1,0,0,0,1,0,0,0,0,0,0,1,0,1,0,0,0,1
0,2,4,2,0,1,0,0,0,0,0,0,1,0,0,0,0,0,1,0,1,1
0,4,5,2,0,0,0,0,1,0,1,0,0,0,1,0,0,0,0,0,0,0
0,4,5,3,0,0,0,1,0,0,0,0,0,0,0,1,0,0,1,0,0,0
1,3,2,1,1,1,1,1,0,0,0,0,0,0,0,0,0,0,0,0,0,1
0,5,0,2,1,2,0,0,0,0,1,0,0,1,0,0,0,1,0,0,0,0
0,4,0,2,1,0,0,0,0,0,1,0,0,1,1,0,1,0,0,0,0,0
1,4,0,0,0,1,0,0,1,0,0,0,0,0,0,0,1,0,0,0,0,0
0,0,3,3,0,0,0,0,0,1,1,0,0,0,0,0,0,0,0,1,1,0
1,0,3,0,1,0,0,1,0,0,0,0,1,0,0,0,0,0,1,0,0,0
1,5,5,3,1,0,1,0,1,0,0,0,0,0,0,0,0,0,0,0,0,0
1,5,2,0,1,0,0,0,0,0,0,0,1,0,0,0,0,1,1,0,0,0
1,2,5,2,0,1,0,1,0,0,0,0,0,0,1,0,0,0,0,1,0,1
0,2,2,1,0,0,0,0,0,0,1,0,0,0,0,0,0,0,0,0,0,1
0,5,0,1,2,1,0,0,0,0,0,1,0,1,0,0,0,0,0,1,1,0
1,5,2,1,1,0,0,0,0,0,0,1,0,1,0,0,0,0,0,0,1,0
0,2,4,0,1,1,1,0,0,0,0,0,0,1,0,0,0,0,0,0,1,0
0,5,0,3,1,2,0,0,0,0,0,0,0,1,0,1,0,0,0,1,0,0
1,4,1,0,1,0,0,1,0,0,1,0,0,0,1,1,0,0,0,0,0,0
1,3,4,1,1,1,0,0,0,1,0,0,1,0,0,0,0,0,0,1,0,1
0,5,5,2,0,1,0,0,0,0,0,0,1,0,0,0,1,0,0,0,0,1
0,2,0,1,1,1,0,0,1,0,1,0,0,0,1,0,1,0,0,0,0,1
1,5,2,1,2,2,0,0,0,0,0,0,1,0,1,0,1,0,0,0,0,1
1,1,1,2,1,0,0,0,1,0,0,0,0,0,0,0,0,0,0,0,0,1
1,0,4,0,2,1,0,0,0,0,0,0,1,0,0,0,0,0,0,0,0,0
0,5,4,1,2,1,0,0,0,0,0,0,1,0,0,0,0,0,0,1,0,0
0,3,4,2,2,1,0,0,0,1,0,0,0,0,0,0,0,0,0,0,1,1
1,1,2,3,1,1,0,1,0,0,0,0,1,0,0,0,0,0,0,0,0,1
0,2,0,3,1,2,0,1,0,0,0,0,0,0,1,0,0,0,0,0,0,1
0,2,3,1,1,0,0,0,0,0,0,0,0,1,1,0,0,0,0,0,0,1
0,3,4,2,0,1,0,0,0,0,0,1,0,0,0,0,0,0,0,0,0,0
1,0,5,2,0,0,0,0,0,0,1,0,0,0,0,0,0,0,0,1,0,0
0,5,3,3,2,0,1,0,0,0,0,0,0,0,0,1,0,0,0,0,0,1
0,4,5,3,0,1,0,0,0,0,1,0,0,0,0,0,0,0,0,0,0,0
0,3,5,3,0,0,1,0,0,0,0,1,0,0,0,1,0,0,1,0,0,1
0,2,3,0,2,1,0,0,0,0,0,0,1,0,0,0,0,0,0,0,0,1
0,4,2,0,2,2,0,0,0,0,0,0,1,0,1,0,0,0,0,0,0,1
1,2,2,0,1,0,0,0,0,1,0,1,0,0,1,0,0,0,0,1,0,1
1,1,0,2,2,1,0,0,0,0,0,0,0,1,0,0,0,1,0,1,0,0
0,0,5,3,0,1,1,0,0,0,0,0,0,0,0,0,0,0,0,0,0,1
0,2,2,3,2,1,1,0,0,0,0,0,1,0,0,1,1,0,0,0,0,1
0,5,2,2,0,1,0,0,0,0,0,1,1,0,0,0,0,1,0,0,0,1
0,3,5,3,1,2,0,1,0,0,0,1,0,0,1,0,0,0,0,0,0,0
0,4,2,2,0,0,0,0,1,0,1,0,0,0,0,0,0,0,1,0,0,1
1,1,5,3,1,1,0,0,0,0,0,1,0,0,0,0,1,1,0,0,0,1
0,0,5,3,1,2,1,0,0,0,0,0,0,0,0,0,0,0,0,0,0,1
1,0,1,0,0,2,0,0,0,1,0,1,0,0,1,0,0,0,1,0,0,1
1,2,2,3,0,2,0,0,0,0,0,1,0,0,0,0,1,0,0,0,0,1
1,1,0,0,2,0,0,0,0,0,1,0,1,0,0,0,0,0,0,0,0,0
1,5,3,1,2,1,1,0,0,1,0,0,0,0,0,0,0,0,0,0,0,1
0,3,1,3,0,2,0,0,0,0,0,1,0,1,0,0,0,0,0,0,0,1
1,2,1,1,1,2,0,1,0,0,0,0,0,0,0,0,0,0,0,0,0,1
0,1,3,0,1,2,0,0,0,0,0,0,1,1,0,1,0,0,1,0,0,1
0,0,2,3,2,2,0,0,0,0,0,0,1,1,0,0,0,0,0,0,1,0
0,1,2,0,1,1,0,0,1,0,0,0,1,0,0,0,0,0,1,1,0,1
0,3,4,0,0,2,0,0,0,0,1,0,0,0,0,0,0,0,0,0,0,0
1,5,1,2,2,1,0,0,0,0,1,0,0,0,0,0,0,0,0,0,0,1
1,1,5,2,2,2,0,0,1,0,0,0,0,0,0,1,0,0,1,0,0,1
1,4,0,0,0,0,0,0,0,1,0,0,1,0,0,0,0,1,1,0,0,0
0,3,5,2,2,1,0,0,0,1,0,0,1,0,0,0,1,1,0,0,0,1
0,5,0,1,1,1,0,1,0,0,0,0,0,1,0,0,0,0,1,0,0,0
1,5,2,2,1,0,0,1,1,0,0,0,0,0,0,0,0,0,0,0,0,1
0,2,3,1,0,0,0,0,0,0,1,0,0,0,0,0,0,0,0,0,1,1
1,1,1,2,2,2,0,0,0,1,0,0,1,0,0,0,0,0,0,0,0,1
1,3,2,3,0,0,0,1,0,0,0,0,0,1,0,0,0,0,0,0,0,1
1,0,0,2,1,2,0,0,0,0,1,0,0,1,0,0,0,0,0,0,0,0
0,3,1,2,2,1,1,0,0,0,0,1,0,0,1,0,0,0,0,0,0,1
0,2,4,2,0,1,0,0,0,0,1,0,1,0,0,0,0,0,1,1,0,0
0,0,3,2,1,2,0,1,1,0,0,0,0,0,0,0,0,1,1,0,0,0
0,0,0,1,2,1,0,1,0,0,0,0,0,1,0,1,0,0,1,0,0,0
1,1,3,2,2,1,0,0,0,1,1,0,0,0,0,0,0,0,0,0,0,1
1,5,0,3,2,1,0,0,0,0,0,0,0,1,0,0,0,0,0,1,0,0
0,5,0,3,0,2,0,0,1,0,0,0,1,0,1,1,0,0,0,0,0,0
0,1,0,3,1,1,0,0,0,0,0,0,1,0,0,1,0,1,0,0,0,0
1,5,5,0,2,0,0,0,0,0,0,1,0,0,0,0,0,1,1,0,0,0
1,1,3,2,2,1,0,1,0,0,0,0,0,1,0,0,0,0,0,0,0,1
1,1,2,2,2,0,0,0,0,1,0,1,0,0,0,0,0,0,1,0,0,1
1,2,0,3,1,1,0,0,0,0,1,0,0,0,0,0,0,0,0,0,0,0
0,2,3,2,2,1,0,0,0,1,0,0,0,0,0,0,1,0,1,0,0,1
1,1,0,1,0,0,0,0,0,1,0,0,0,0,0,0,0,0,0,0,0,1
1,2,5,3,0,2,1,0,0,0,0,0,0,0,0,1,0,1,0,0,0,0
1,3,5,1,1,1,1,0,0,0,0,0,1,0,0,0,0,0,0,0,0,1
0,4,5,0,0,1,1,0,0,0,0,0,0,0,0,0,0,0,0,0,1,0
0,5,2,0,0,1,0,0,0,0,0,1,0,0,0,0,0,1,0,0,0,1
1,1,4,3,1,0,0,0,0,0,0,1,0,0,0,0,0,0,0,0,0,1
1,5,2,1,0,2,0,0,0,0,1,0,0,1,0,1,0,0,0,0,1,0
1,3,4,2,0,1,0,0,1,0,0,0,0,0,0,0,0,0,0,0,0,1
1,1,0,2,1,0,0,0,1,0,1,0,0,0,0,0,0,0,1,0,0,1
0,2,5,2,2,0,0,1,0,0,0,0,0,0,0,0,1,0,0,0,0,1
1,5,4,2,2,0,0,0,0,0,1,1,0,0,0,0,0,0,0,0,0,0
0,3,1,3,2,2,0,0,0,0,0,1,1,0,0,0,0,1,1,0,0,1
0,1,5,0,2,1,0,1,0,0,1,0,0,0,0,0,0,0,0,0,0,1
0,4,4,1,0,1,0,1,0,0,0,1,0,0,0,0,0,0,0,0,0,1
1,0,4,3,0,1,0,0,0,0,0,0,1,0,0,0,0,0,1,0,0,0
1,5,2,0,1,1,0,0,0,1,0,0,0,0,1,0,0,0,0,0,1,1
1,5,0,0,0,1,0,0,0,0,1,0,0,0,0,1,0,0,0,0,0,0
0,5,5,3,1,1,0,0,0,1,0,0,1,0,0,0,0,0,0,0,0,1
0,5,2,0,0,2,0,0,1,0,0,1,0,0,0,0,0,0,0,0,0,1
0,0,2,3,2,2,0,0,0,0,0,0,1,1,0,0,0,0,0,0,0,1
1,2,1,2,0,2,1,0,0,0,0,0,0,0,0,0,0,1,1,0,0,1
0,1,1,0,0,2,0,0,0,0,0,0,0,1,0,0,0,0,0,1,1,0
0,1,5,0,1,1,0,0,0,1,0,0,0,0,0,0,0,0,0,0,0,1
1,1,5,2,2,2,0,0,1,1,0,0,0,0,0,0,0,0,0,0,0,1
0,3,2,2,0,2,0,0,0,0,0,0,1,0,1,0,0,1,0,0,0,1
1,4,2,3,1,0,0,1,0,0,0,0,1,0,0,1,0,1,0,0,0,1
0,2,5,1,1,0,0,0,0,0,1,0,1,0,0,1,0,1,0,0,0,1
1,1,2,0,1,1,0,0,0,1,0,0,0,0,0,0,0,0,0,0,0,1
1,5,4,0,0,0,0,0,0,0,0,0,0,1,0,0,0,0,0,0,0,0
1,2,0,1,0,2,0,0,0,0,0,0,0,1,0,0,0,0,0,0,0,0
0,3,1,2,1,1,0,0,1,0,0,1,0,0,0,0,1,0,0,0,0,1
1,3,0,3,1,0,0,0,0,1,0,1,0,0,0,0,0,0,0,0,0,1
0,5,1,0,1,2,0,1,0,0,1,0,0,0,0,0,0,0,0,0,0,0
0,3,4,1,1,2,0,0,0,0,1,0,1,0,0,0,0,0,0,1,0,0
1,3,1,2,0,0,0,0,1,0,1,0,0,0,1,0,0,0,1,0,0,0
0,5,0,0,1,0,0,1,0,0,0,0,0,0,1,1,0,0,0,0,0,0
1,2,0,3,2,1,1,0,0,0,0,0,0,0,0,0,0,1,1,0,0,0
0,4,5,2,2,1,0,0,0,0,0,0,1,0,0,0,0,0,0,0,0,0
0,4,1,1,0,2,0,0,1,0,0,1,0,0,1,0,0,0,0,0,0,1
1,3,4,1,2,0,0,1,0,0,0,1,0,0,1,0,0,0,0,0,1,0
1,3,3,3,0,2,0,0,1,0,0,0,0,0,0,0,0,0,0,0,0,0
1,5,2,0,2,0,0,0,0,1,0,0,0,0,0,0,0,1,1,0,0,1
0,0,5,2,2,2,0,0,1,0,0,0,0,0,1,0,0,0,0,0,0,1
0,4,1,3,0,1,0,0,0,1,0,0,0,0,0,0,0,1,0,0,1,1
1,3,5,1,2,2,0,0,0,0,0,1,0,0,0,0,0,0,0,0,0,0
1,1,0,2,2,2,1,0,0,0,0,1,0,0,0,0,1,1,0,0,0,0
0,2,4,3,1,0,0,1,0,0,0,0,1,0,0,1,1,0,0,0,0,1
0,0,2,1,1,2,0,0,0,0,0,0,1,0,0,0,1,0,0,0,0,1
0,0,2,3,1,1,0,0,1,0,0,0,0,0,0,0,0,0,0,0,0,1
1,3,4,3,0,0,0,0,0,0,0,1,0,0,1,0,0,0,1,0,0,0
1,3,0,2,1,1,0,0,0,1,0,0,0,0,0,1,0,0,1,0,0,1
1,1,1,2,1,1,1,0,1,0,0,0,0,0,0,0,0,0,0,0,0,1
1,3,2,3,0,1,0,0,0,1,0,1,0,0,0,0,0,1,1,0,0,1
0,3,0,1,1,0,0,0,0,0,0,1,1,0,0,0,1,1,0,0,0,0
1,3,5,1,1,1,0,0,0,0,0,0,0,1,0,1,0,0,0,0,0,1
1,2,2,3,2,0,0,0,1,0,0,0,1,0,0,0,1,0,0,0,0,1
0,4,4,1,2,2,0,0,0,0,0,0,0,1,0,1,0,1,0,0,0,0
1,5,0,3,2,1,0,0,0,0,1,0,0,0,0,0,0,0,0,0,0,0
0,5,3,3,0,1,0,0,0,0,1,0,1,0,0,0,0,0,0,1,1,0
0,2,5,0,0,0,0,0,1,0,0,1,0,0,1,0,0,0,1,0,0,1
1,2,3,0,0,0,0,0,0,1,1,0,0,0,0,0,0,0,1,0,1,1
0,3,2,3,1,2,0,0,0,0,0,1,0,0,0,0,0,0,0,0,0,1
0,2,3,0,0,2,0,0,0,0,0,1,0,0,0,0,1,0,0,0,0,1
0,4,3,2,1,0,0,0,1,0,0,0,0,1,0,0,0,0,0,0,0,0
0,5,0,0,1,2,0,0,1,0,0,0,0,0,0,1,0,0,1,0,0,0
0,2,4,3,1,0,0,1,1,0,0,0,0,0,0,0,0,1,0,1,0,0
0,5,4,1,1,2,1,0,0,0,0,0,1,0,0,1,0,0,0,0,1,0
0,4,0,1,1,1,0,0,0,0,0,0,0,1,0,0,0,0,0,0,0,0
1,4,5,2,2,1,0,1,1,0,0,0,0,0,0,0,0,0,0,0,1,0
0,5,5,2,2,2,0,0,1,0,0,0,0,0,1,0,0,0,0,0,0,0
1,0,1,2,2,0,0,0,0,0,1,0,1,0,0,0,0,0,0,0,0,1
1,3,1,3,2,2,0,0,1,0,0,0,0,0,0,0,1,0,0,0,0,0
0,2,3,0,1,0,0,1,1,0,0,0,0,0,0,0,0,0,1,0,0,1
1,3,5,3,1,2,0,1,0,0,0,0,0,1,0,0,0,0,0,0,0,0
0,1,2,0,1,0,0,0,1,0,0,0,1,0,0,0,0,0,1,0,0,1
1,4,4,0,2,0,0,0,0,0,1,1,0,0,0,0,0,0,0,0,0,0
1,4,1,3,0,2,0,0,0,0,1,0,0,0,0,0,0,0,0,0,0,0
1,2,0,3,0,0,0,0,0,0,0,1,0,0,0,0,0,0,1,1,0,0
0,4,1,1,0,0,0,0,0,0,1,0,0,1,0,1,1,0,0,0,0,1
1,2,4,2,2,2,0,0,1,0,0,0,0,0,1,0,0,0,0,0,0,1
0,5,1,1,0,2,0,0,0,1,0,0,1,0,0,0,0,1,0,0,1,0
1,5,3,3,1,0,0,0,0,0,0,0,1,0,0,0,1,0,0,1,0,0
1,3,3,2,2,0,0,0,0,0,0,0,0,1,0,0,0,0,0,1,1,0
0,4,3,1,1,0,0,0,1,0,1,0,0,0,0,0,1,0,0,0,0,1
0,4,3,2,2,0,0,1,0,0,0,0,0,0,0,0,0,1,0,0,1,0
0,1,3,3,0,1,0,0,1,0,0,0,0,0,0,1,1,0,0,0,0,1
1,0,5,2,1,0,1,0,1,0,0,0,0,0,0,0,0,0,0,1,0,0
0,3,5,0,2,0,0,0,0,1,0,0,0,0,1,0,0,0,0,0,0,1
0,4,5,3,0,0,0,1,0,0,0,0,1,0,0,0,0,0,0,1,0,0
1,0,1,3,0,2,0,1,0,0,0,0,0,0,0,0,1,0,0,0,0,1
1,1,3,1,2,2,0,1,0,0,0,0,0,0,1,0,0,0,1,0,0,1
0,3,2,1,2,2,0,0,0,0,0,0,1,0,0,0,0,1,0,1,0,1
0,0,0,1,0,2,0,0,0,1,0,1,0,0,0,0,0,0,0,0,1,0
0,2,5,0,0,2,1,0,0,0,0,0,1,0,0,1,1,0,0,0,0,1
0,5,3,2,2,0,0,0,0,0,0,0,0,1,1,0,0,0,0,0,0,0
1,5,4,0,2,0,0,1,0,0,0,1,0,0,0,0,0,0,0,0,1,0
1,2,4,1,1,0,0,1,0,0,0,0,0,0,0,0,0,0,0,0,0,1
0,0,0,3,2,1,0,0,0,0,0,1,1,0,1,0,0,0,0,0,0,0
0,2,0,2,0,2,0,0,1,0,0,0,0,0,0,0,1,1,0,0,0,0
0,2,5,3,2,0,0,0,0,1,0,0,0,0,0,0,0,0,0,0,0,1
1,0,3,0,1,2,0,1,0,0,0,0,0,0,0,0,0,0,0,0,0,0
0,5,0,1,1,1,0,0,1,0,0,0,0,1,0,0,0,0,0,0,0,0
1,5,0,0,1,1,0,1,1,0,0,0,0,0,0,0,0,0,1,1,0,0
1,3,4,2,0,1,0,0,0,0,0,1,0,0,0,0,0,0,0,0,0,0
0,4,5,0,0,2,1,0,0,0,0,0,0,0,0,0,0,0,0,0,0,0
0,3,2,3,0,0,0,0,0,0,0,0,1,0,0,0,0,0,0,0,0,1
0,3,5,2,1,0,0,1,0,0,1,0,0,0,1,1,0,0,0,0,0,1
0,3,0,3,1,1,0,1,0,0,1,0,0,0,1,0,0,0,0,0,0,0
0,2,4,2,2,2,0,0,0,0,0,0,0,1,0,0,0,0,1,0,0,1
0,5,4,1,0,0,1,1,0,0,0,0,0,0,0,0,1,0,0,1,0,0
0,2,0,3,2,2,0,1,0,0,0,0,0,1,0,1,0,1,0,0,0,0
0,1,5,2,0,0,0,0,0,0,0,0,1,0,0,0,1,1,0,0,0,1
0,4,0,1,2,1,1,0,0,0,0,0,0,0,0,0,0,0,0,1,0,0
0,1,2,2,1,1,0,0,0,1,0,1,0,0,0,1,0,0,0,0,0,1
0,1,4,0,0,0,0,0,0,0,0,0,0,1,0,0,1,0,0,0,0,1
0,4,2,1,1,1,0,0,0,0,1,0,1,0,0,0,0,0,0,0,0,1
0,5,2,0,0,1,0,1,0,0,0,0,0,0,0,1,1,0,0,0,0,1
0,5,2,2,0,0,0,0,0,0,1,0,0,1,0,1,0,0,1,0,0,0
1,0,1,0,0,0,0,0,1,0,0,0,0,0,0,0,0,0,0,0,0,1
1,2,5,0,2,2,1,1,0,0,0,0,0,0,0,0,0,0,0,0,0,0
1,1,0,2,0,0,1,1,0,0,0,0,0,0,0,0,0,1,0,1,0,0
1,0,3,3,0,1,0,0,1,0,0,0,0,0,0,0,1,0,0,0,0,0
0,0,4,1,2,1,0,0,0,0,1,0,1,0,1,0,0,0,0,0,0,1
1,3,1,3,0,2,1,0,0,0,0,0,0,0,0,0,0,0,0,0,1,0
1,3,4,3,1,2,0,0,1,0,0,0,1,0,0,0,0,0,0,0,0,0
1,4,1,0,1,0,0,0,0,0,0,1,1,0,0,1,0,0,0,0,1,0
0,5,1,2,2,2,0,0,0,1,0,0,0,0,0,0,0,1,0,0,1,0
0,1,1,2,2,2,1,0,0,0,0,1,0,0,0,0,1,0,1,0,0,1
0,4,1,3,2,1,0,0,0,0,0,0,0,1,0,0,0,0,0,0,0,1
0,1,4,1,0,2,1,0,1,0,0,0,0,0,0,1,0,0,0,0,1,0
0,2,0,0,0,2,0,1,0,0,0,0,0,0,0,0,1,0,0,0,1,0
0,2,5,3,2,0,0,0,1,0,1,0,0,0,0,0,0,0,0,0,0,1
1,5,3,2,0,2,0,0,0,1,0,1,0,0,0,1,0,0,0,0,1,0
1,5,5,2,0,0,0,0,0,0,0,0,1,0,1,1,0,0,0,0,0,0
1,4,1,0,1,0,0,1,0,0,0,0,0,1,0,0,1,0,0,0,0,0
0,5,5,2,1,0,0,1,0,1,0,0,0,0,1,0,1,0,0,0,0,1
0,5,0,0,1,1,0,0,1,1,0,0,0,0,0,0,0,1,0,0,0,0
1,0,3,1,0,1,1,0,0,0,0,0,0,0,1,0,0,0,0,0,0,1
1,0,0,2,0,1,0,1,0,0,0,0,0,0,1,0,1,0,0,0,0,0
1,5,0,3,2,0,1,0,1,0,0,0,0,0,0,0,0,0,0,0,0,0
0,1,3,2,2,1,1,0,0,1,0,0,0,0,0,0,0,0,0,0,0,1
1,1,0,2,0,1,0,0,0,0,1,0,0,0,0,0,0,0,1,1,0,0
0,0,0,1,0,2,0,1,0,1,0,0,0,0,0,0,0,0,0,0,0,1
1,3,3,2,0,2,0,0,1,0,0,0,0,1,0,0,1,0,0,0,0,0
1,0,2,3,1,1,0,0,0,0,1,0,0,0,1,1,0,0,0,0,0,1
0,0,5,2,2,1,1,0,0,0,0,0,0,0,0,0,0,0,0,0,1,0
1,4,5,3,2,0,1,0,0,0,1,0,0,0,0,0,0,0,0,0,1,0
0,4,4,1,0,1,0,0,1,0,0,0,0,0,0,0,0,0,0,0,0,1
0,1,0,3,0,2,0,0,0,1,0,0,1,0,0,1,0,0,1,0,0,1
1,5,0,0,1,2,0,0,0,0,0,1,1,0,0,0,0,0,1,0,0,0
0,5,4,3,0,1,0,0,1,0,0,0,0,0,0,0,0,0,1,0,1,0
0,0,4,0,1,2,0,0,1,0,0,0,1,0,0,0,0,0,0,1,0,0
1,0,1,2,1,0,1,0,0,1,0,0,0,0,0,0,0,0,0,1,0,1
0,5,3,2,1,0,0,0,1,0,1,0,0,0,0,0,0,0,0,0,1,0
0,1,1,2,2,1,0,0,0,0,1,1,0,0,0,0,0,0,1,0,0,1
0,1,3,1,1,2,0,0,0,0,0,1,1,0,0,0,0,0,0,0,0,1
0,0,2,3,0,2,0,0,1,0,0,0,0,0,0,0,0,0,0,0,0,1
0,0,1,0,1,0,0,0,1,1,0,0,0,0,0,0,0,0,0,0,1,1
1,5,0,0,0,1,0,1,0,0,0,0,0,1,0,0,0,0,1,0,0,0
1,2,1,2,2,2,0,0,0,0,1,0,0,0,0,0,0,0,0,0,0,1
0,1,4,1,0,2,0,0,0,1,0,0,0,0,0,0,0,0,0,1,0,1
0,5,0,3,0,2,1,0,0,0,0,0,0,0,0,0,0,0,0,0,0,0
1,5,5,2,1,1,0,0,1,0,0,0,0,1,0,0,0,0,0,0,0,0
1,5,4,3,2,0,0,0,0,0,0,1,0,0,0,0,0,0,1,1,0,0
1,2,5,0,1,0,0,0,0,0,1,1,0,0,0,0,0,0,0,0,1,0
1,5,5,2,0,0,1,0,0,0,0,0,0,0,0,0,0,1,0,1,0,0
0,5,0,3,1,1,0,0,0,1,0,0,1,0,1,0,0,0,1,0,0,1
0,2,5,1,2,2,0,0,0,0,1,1,0,0,0,0,0,0,0,0,1,0
0,2,0,3,0,2,0,0,1,0,0,1,0,0,0,0,0,0,0,1,0,0
0,2,1,2,1,1,0,0,0,0,1,0,0,1,0,0,0,1,0,0,0,1
0,3,0,0,1,0,0,0,0,0,0,0,1,0,0,0,1,1,0,0,0,0
0,1,1,2,1,2,0,0,1,0,0,0,0,1,1,1,0,0,0,0,0,1
1,5,1,2,2,0,0,0,0,0,0,0,0,1,0,1,0,0,0,0,0,1
0,4,1,3,0,0,0,0,0,1,0,0,1,0,0,0,0,1,0,0,0,1
0,0,4,1,2,1,0,0,0,0,0,1,0,0,1,1,0,0,0,0,0,1
0,5,5,1,0,2,0,1,0,0,1,0,0,0,0,0,0,0,0,0,0,0
1,1,0,0,1,1,0,0,0,1,0,1,0,0,0,1,1,0,0,0,0,1
1,2,1,1,1,0,0,0,0,1,0,0,0,0,0,1,0,0,0,0,1,1
0,4,4,1,0,1,0,0,0,0,0,0,1,0,0,0,1,0,1,0,0,1
0,4,0,0,2,0,0,1,0,0,0,0,0,0,0,0,0,1,0,0,0,0
0,4,2,3,2,0,1,0,0,0,0,0,0,0,0,0,0,1,0,0,0,1
0,5,4,2,2,2,0,0,0,0,0,0,1,0,0,0,0,0,0,0,0,0
0,2,0,0,1,0,0,0,0,0,1,0,0,0,0,1,1,0,0,0,0,1
1,2,1,0,2,1,0,0,0,0,0,0,0,1,0,1,0,0,0,0,0,1
0,5,0,0,2,2,1,0,1,0,0,0,0,0,1,0,0,0,0,1,0,0
0,2,5,1,1,1,1,0,0,0,0,0,0,1,0,0,0,0,0,0,0,1
0,0,2,2,2,1,1,1,0,0,0,0,0,0,0,0,0,0,0,0,0,1
0,5,5,1,1,1,0,0,0,0,1,1,0,0,0,0,0,0,0,0,0,1
1,1,0,3,1,1,0,0,0,0,0,1,1,0,0,0,0,0,0,0,1,0
0,0,1,0,0,0,0,0,0,0,0,0,1,1,0,0,0,1,0,1,0,0
1,2,4,0,2,2,0,0,0,0,0,0,0,1,1,0,0,0,0,0,0,1
1,3,0,0,1,2,1,0,0,0,0,1,0,0,0,0,0,0,1,1,0,0
0,5,2,0,1,2,0,0,0,0,0,0,0,1,0,0,0,0,0,1,0,0
1,1,4,0,0,2,0,0,0,0,0,0,0,1,0,0,0,0,0,0,1,0
0,3,2,1,1,1,0,0,0,1,0,0,0,0,0,0,0,1,0,1,0,1
0,0,3,3,2,1,0,0,0,0,0,0,0,1,0,0,1,0,0,0,0,0
1,5,5,0,0,1,1,0,0,0,1,0,0,0,1,0,0,0,0,0,1,0
1,4,4,1,2,2,0,0,1,0,0,1,0,0,0,0,0,0,0,0,0,1
0,3,2,3,2,2,1,0,0,0,0,0,0,1,0,0,0,0,0,0,0,1
0,0,2,2,2,1,1,1,0,0,0,0,0,0,0,0,0,0,0,0,0,1
0,5,5,3,0,1,0,0,0,1,0,0,0,0,0,0,0,0,0,0,0,1
1,1,3,1,2,1,0,0,0,0,0,0,1,0,0,0,0,0,0,0,0,1
0,3,3,1,1,0,0,0,0,0,0,0,1,0,0,0,0,1,1,0,0,1
0,5,4,1,2,0,0,0,0,0,0,0,1,0,0,0,0,0,1,0,1,0
1,4,3,3,2,2,0,0,0,0,1,0,0,0,0,0,1,0,0,0,0,0
1,1,1,3,2,2,0,0,0,0,0,1,0,1,0,0,0,0,1,1,0,0
0,1,4,2,2,1,0,0,1,0,0,0,0,0,0,0,0,0,1,1,0,1
1,5,0,2,2,1,0,0,0,0,1,0,1,0,0,0,0,0,0,0,1,0
0,0,3,1,0,2,0,0,0,1,0,0,0,0,0,0,0,0,0,0,1,1
0,2,5,2,0,0,0,0,0,1,0,0,1,0,1,0,1,0,0,0,0,1
1,0,4,1,2,2,0,0,0,1,1,0,0,0,0,0,1,0,0,1,0,1
0,3,3,3,2,1,1,0,0,0,0,0,0,0,0,1,1,0,0,0,0,1
1,1,5,2,2,2,0,0,0,1,0,0,0,0,0,0,0,1,0,0,0,1
0,1,1,0,1,0,0,0,0,0,1,0,0,1,0,1,0,0,0,0,0,1
1,0,2,3,2,0,0,0,1,0,0,0,0,0,0,0,0,0,1,0,0,0
1,3,4,2,0,2,0,1,0,1,0,0,0,0,1,0,0,0,1,0,0,1
1,4,4,3,0,1,0,0,0,1,0,0,0,0,0,0,1,0,0,0,1,0
1,1,4,3,2,2,0,1,0,0,0,0,0,0,0,0,1,1,0,0,0,0
0,0,5,2,1,0,0,0,0,0,1,0,0,1,1,0,1,0,0,0,0,1
1,4,4,3,1,0,0,0,1,1,0,0,0,0,1,0,0,0,0,0,1,0
0,5,0,1,2,2,0,0,0,0,0,0,1,0,0,0,0,0,0,0,0,0
1,5,0,1,0,1,1,0,0,0,0,0,0,1,0,0,0,0,0,0,0,0
0,2,4,0,2,0,0,0,0,1,0,0,1,0,0,0,0,0,0,1,0,1
1,2,0,3,2,0,0,1,0,0,0,0,0,0,1,0,0,0,1,0,0,0
0,2,4,0,1,2,0,1,1,0,0,0,0,0,0,0,0,1,0,0,0,1
0,3,1,1,0,2,0,0,0,0,1,1,0,0,0,0,0,0,0,0,0,1
1,0,4,1,0,0,0,0,0,0,0,0,1,0,1,0,0,0,1,0,0,0
0,5,5,2,0,1,0,0,1,0,0,0,0,0,0,0,0,0,0,0,0,0
1,1,0,1,2,2,0,0,0,0,0,0,0,1,1,0,0,0,1,0,0,0
0,2,0,1,2,2,0,0,1,0,0,1,0,0,0,0,0,0,0,0,0,1
0,0,2,0,0,1,0,0,1,0,0,0,0,1,0,0,1,0,0,1,0,1
0,4,4,2,1,1,1,0,0,0,0,0,0,0,0,1,0,0,0,0,0,1
0,5,5,3,1,1,0,0,0,0,0,1,0,0,0,0,0,1,0,0,0,0
1,2,3,0,0,2,0,0,0,0,1,0,0,0,0,0,0,0,0,0,0,1
0,2,5,0,2,0,1,0,0,0,0,0,0,0,0,0,0,1,1,0,0,1
0,0,4,2,2,2,0,0,1,0,0,0,0,1,0,1,0,0,0,0,0,1
1,1,3,0,1,1,0,0,0,1,0,0,0,0,0,1,0,0,0,1,0,1
0,3,1,1,2,2,0,0,0,0,0,0,0,1,1,0,0,0,0,0,0,1
1,1,0,2,1,0,0,0,0,1,0,0,0,0,0,0,1,0,0,0,1,0
1,3,0,0,2,1,0,0,0,0,1,0,0,0,0,0,1,0,1,0,0,0
0,3,5,3,1,2,0,0,0,0,1,0,0,0,0,1,0,0,0,0,0,0
1,2,2,3,1,2,0,0,1,0,0,0,0,0,0,1,0,0,0,0,0,1
0,4,5,2,0,0,0,0,1,0,0,0,0,0,0,0,0,0,1,0,0,1
0,5,1,3,1,2,0,0,0,0,0,0,0,1,0,0,0,1,0,0,1,0
0,5,3,0,0,0,0,0,1,0,0,0,0,0,0,0,0,0,0,0,0,0
0,4,1,0,0,1,0,0,0,0,0,0,1,0,0,0,0,0,1,1,0,0
1,0,1,3,2,1,0,1,1,0,0,0,0,0,0,0,0,0,1,0,0,1
0,4,5,2,0,2,0,0,0,0,1,0,0,1,1,1,0,0,0,0,0,0
1,1,0,0,0,2,0,0,1,0,1,0,0,0,0,0,0,0,0,0,0,0
1,4,4,0,2,2,0,1,0,0,0,0,0,0,0,0,0,0,0,1,0,0
0,5,5,3,2,1,1,0,0,0,0,1,0,0,0,1,0,1,0,0,0,1
1,3,2,0,1,0,0,0,0,0,0,0,1,1,0,0,0,0,0,0,0,1
0,2,4,3,1,0,1,0,0,0,0,0,0,0,1,0,0,0,1,0,0,1
0,3,5,1,2,1,1,0,0,0,0,1,0,0,0,0,0,0,0,0,0,1
1,2,4,3,2,1,0,0,0,0,0,0,1,1,0,0,0,0,0,0,0,1
1,1,2,3,1,1,0,0,0,0,0,1,1,0,0,0,0,0,0,0,0,1
0,5,1,3,2,0,0,0,0,1,0,0,0,0,0,0,1,1,0,0,0,1
0,1,3,0,0,0,1,0,0,0,0,0,1,0,0,0,0,0,0,0,0,1
0,2,0,0,2,1,0,0,0,0,1,1,0,0,1,1,0,0,0,0,0,1
1,3,0,1,2,2,1,0,0,1,0,0,0,0,0,0,0,0,1,0,1,0
0,4,1,0,1,0,0,0,1,0,0,0,0,0,0,0,0,0,0,0,0,0
1,2,5,3,1,2,1,0,0,0,0,0,0,0,1,0,0,0,0,1,0,0
0,4,2,2,1,1,0,0,0,1,0,0,0,0,0,0,0,1,0,0,0,1
0,2,1,3,2,0,0,0,0,0,1,0,0,0,1,0,0,0,0,0,0,1
1,4,4,2,2,1,0,0,0,0,0,0,1,1,0,0,0,0,0,0,0,1
1,3,5,3,2,0,0,1,1,0,0,0,0,0,0,0,0,0,0,0,0,0
0,5,5,1,1,1,1,0,0,0,0,1,0,0,0,1,0,0,0,0,0,1
0,3,5,2,0,2,0,0,0,0,0,0,0,1,0,0,1,0,0,0,0,0
1,1,5,1,1,2,0,0,0,1,0,0,0,0,0,1,1,0,0,0,0,1
0,1,1,2,0,0,0,1,0,0,0,0,0,0,0,0,0,1,0,1,0,1
0,4,0,3,1,2,0,0,0,0,1,0,0,1,0,0,0,1,0,0,0,0
1,3,1,1,0,2,0,0,0,0,1,0,0,1,0,0,0,0,0,0,0,1
1,3,5,1,1,0,0,0,0,0,0,1,0,1,0,0,0,0,0,0,0,0
0,3,4,0,1,1,0,0,1,0,1,0,0,0,0,1,0,0,0,0,0,1
1,4,2,2,0,1,0,0,0,1,0,0,0,1,0,0,1,0,0,0,1,1
1,2,3,1,2,0,0,1,0,0,0,0,0,0,0,1,1,0,0,0,0,1
1,3,1,1,2,0,1,1,0,0,0,0,0,0,0,0,0,1,0,0,0,0
1,3,2,2,2,2,0,0,0,0,0,0,1,0,0,0,0,0,0,0,0,1
0,0,1,2,1,2,0,0,0,0,0,0,0,1,0,0,1,0,0,0,1,0
1,4,4,2,1,0,0,1,1,0,0,0,0,0,0,1,0,0,1,0,0,0
0,2,2,2,2,2,1,0,0,0,0,0,0,1,0,0,0,0,1,0,0,1
1,5,1,1,2,1,0,0,0,0,0,0,1,1,0,0,0,0,0,0,0,1
0,2,1,2,1,2,0,0,0,0,1,0,0,1,0,0,1,1,0,0,0,1
1,2,5,3,1,0,1,0,0,0,0,0,0,0,0,0,0,0,0,0,0,1
0,5,2,0,0,0,1,1,0,0,0,0,0,0,0,0,0,0,0,0,0,1
1,4,0,0,1,2,0,1,0,0,0,0,0,0,0,0,0,0,1,0,0,0
0,5,3,2,0,0,0,0,0,0,0,1,0,1,0,0,0,0,0,0,0,0
0,0,0,2,1,1,0,0,0,0,1,0,0,1,0,1,0,0,0,0,0,1
0,4,4,3,2,2,0,0,1,0,1,0,0,0,0,0,0,0,1,0,0,0
0,3,2,2,1,1,0,0,0,0,1,0,0,0,0,0,0,0,0,0,0,1
0,2,2,3,2,0,0,0,1,0,0,0,0,1,0,0,0,0,0,0,0,1
1,2,4,1,0,2,0,0,0,1,0,0,0,1,0,0,0,1,0,0,1,0
0,5,5,3,1,0,0,1,0,1,0,0,0,0,0,1,0,0,1,0,0,1
1,2,5,2,1,0,0,0,1,0,0,0,0,0,0,0,0,0,0,0,0,1
0,5,3,3,1,2,0,0,1,1,0,0,0,0,0,0,0,0,0,0,0,1
0,4,0,1,0,1,0,0,1,0,0,1,0,0,0,0,0,0,0,1,0,0
