식당명,도로명주소
라이브보울,서울 강남구 역삼동 642-16
웍스 50 덮밥전문점,서울 강남구 청담동 119-11
양재오제섞어,서울 강남구 논현동 108
한식의품격강남,서울 강남구 논현동 138-19
초록밭샐러드&그릭요거트,서울 강남구 삼성동 140-3
한식밥상 강남점,서울 강남구 논현동 224-10
까르보마마,서울 서초구 양재동 313-5
앤샐러드,서울 강남구 역삼동 626-30
미스꼬레아김치볶음밥,서울 강남구 대치동 989
흥미면옥,서울 서초구 방배동 773-7
강릉엄지네꼬막집-양재점,서울 서초구 양재동 276-10
퍼남사이곤,서울 강남구 논현동 114-14
겐조라멘,서울 서초구 서초동 1303-35
와우곱창,서울 강남구 논현동 145-16
서병장 부대찌개 교대점,서울 서초구 서초동 1660-27
정 한뿌리죽 키친 서초점,서울 서초구 서초동 1680-1
한뿌리죽 서초점,서울 서초구 서초동 1680-1
부거부거,서울 강남구 역삼동 642-16
한정남의 샤오차이,서울 강남구 역삼동 656-33
우시라멘,서울 강남구 개포동 1237-8
크로플덕오리아가씨 서울대입구역점,서울 관악구 봉천동 10-41
정우보쌈,서울 강남구 논현동 225-6
막불감동,서울 관악구 신림동 1433-60
타코랑,서울 관악구 봉천동 924-36
어서오소LA갈비찜,서울 관악구 신림동 1419-2
설미당,서울 관악구 봉천동 20-1
쭝일아찌 빨강떡볶이,서울 관악구 봉천동 951-5
사천마라탕,서울 관악구 봉천동 865-2
카페5,서울 관악구 봉천동 1708
샐러드식당 관악봉천점,서울 관악구 봉천동 15-50
바이통타이 봉천직영점(젠),서울 관악구 봉천동 15-5
달팽이부엌,서울 광진구 자양동 602-6
이사장푸드(뚝배기집),서울 광진구 중곡동 129-42
건대장터국밥,서울 광진구 화양동 12-42
OPTION 떡볶이,서울 광진구 화양동 496-10
서소문순두부보쌈,서울 광진구 화양동 42-29
한독대 김치찜,서울 광진구 중곡동 39-65
넌부대난김밥,서울 광진구 구의동 200-1
맛찌네(맛있는찌개),서울 광진구 화양동 49-6
밥은,서울 서대문구 홍은동 401-16
천농탕,서울 서대문구 홍제동 96-5
엉클포,서울 마포구 망원동 386-11
폼나는BAB,서울 서초구 서초동 1476-11
규니왕타코 이대점,서울 서대문구 대현동 101-22
팔도부침나라,서울 광진구 중곡동 221-9
흥부왕족발,서울 광진구 중곡동 241-1
매운콩불,서울 서초구 방배동 821-12
진전복삼계탕 논현직영점,서울 강남구 논현동 83-10
동해원,서울 서대문구 충정로3가 30-10
신미불닭발,서울 서대문구 창천동 5-34
수려한상 도곡점,서울 강남구 도곡동 425-5
겐코쇼쿠도 문정역점,서울 송파구 문정동 651
고기혁명 마포점,서울 마포구 망원동 438-22
독도쭈꾸미,서울 송파구 풍납동 478
밥향기,서울 송파구 가락동 77-4
신참치,서울 송파구 방이동 51-2
차차네김볶,서울 성동구 행당동 318-28
디엠푸드,서울 송파구 방이동 124-23
담아내다,서울 송파구 송파동 143-2
유명집 안동찜닭.닭도리탕,서울 송파구 가락동 130
샤크로플,서울 송파구 가락동 141-4
제비파스타&리조또 송파점,서울 송파구 송파동 143-2
공드리 미역진국 밥한상&순두부,서울 송파구 잠실동 176-2
쉐프의 육미,서울 동작구 상도동 323-25
마라농장,서울 동작구 노량진동 233-6
애플하우스,서울 동작구 사당동 138-4
곱창의전설 노량진점,서울 동작구 노량진동 119-161
본설렁탕 문정역점,서울 송파구 문정동 643-1
15층 카페스윗 신한은행 본점,서울 중구 태평로2가 120
꽃찬찜닭 왕십리점,서울 성동구 행당동 133-7
도담죽,서울 동작구 상도1동 355-2
경성덮밥,서울 동작구 사당동 1051-41
로컬릿,서울 성동구 옥수동 201-1
알촌한양대점,서울 성동구 행당동 19-112
밀숲노량진역점,서울 동작구 노량진동 123-8
뉴욕야시장 한양대점,서울 성동구 행당동 19-7
제주올레포차 2호점,서울 성동구 성수동1가 13-106
서박사부대찌개,서울 성동구 금호동2가 510-2
하노이별 노량진점,서울 동작구 노량진동 40-43
고기반햄반김치찌개 성동구,서울 성동구 금호동3가 1302
천국이네,서울 마포구 연남동 567-6
구름계란덮밥,서울 마포구 도화동 536
무침프로젝트,서울 마포구 망원동 411-22
친구친구,서울 성동구 도선동 69
용담애,서울 송파구 거여동 597
고수찜닭 용산,서울 용산구 청파동3가 24-64
구복만두,서울 용산구 남영동 3-4
치꼬뱅 마포,서울 마포구 망원동 475-46
장수한방족발,서울 마포구 망원동 486-36
신안동장,서울 마포구 연남동 487-366
포도원삼계탕,서울 마포구 대흥동 250-2
신림원조김밥,서울 관악구 신림동 1602-1
청년찌개,서울 마포구 성산동 293-2
마부마라탕엔마라샹궈,서울 용산구 후암동 116-27
떡볶이는튀김빨,서울 마포구 공덕동 111-359
벨로스테이,서울 마포구 상수동 341-3
마녀찜닭,서울 용산구 보광동 246-2
천하뼈다귀,서울 용산구 보광동 81-1
빙고코다리 아구찜,서울 용산구 보광동 217-16
가정식 백반,서울 용산구 청파동3가 111-59
이촌삼계탕,서울 용산구 이촌동 302-64
송가네보쌈,서울 서초구 방배동 911-20
한양불족발,서울 서초구 방배동 876-20
오니기리와 이규동,서울 성동구 성수동2가 289-211
미미롤집,서울 마포구 상암동 1597
1992철판전문점,서울 마포구 상암동 1601
쭝일아찌5단계빨강떡볶이,서울 용산구 신계동 36-14
미다래,서울 용산구 한강로3가 16-9
버팔로 스팟,서울 서초구 방배동 941-11
동궁찜닭 송파점,서울 송파구 석촌동 240-22
동궁찜닭 사당점,서울 동작구 사당동 39-16
닭갈비전,서울 서초구 서초동 1309-1
토요커리,서울 서초구 반포동 720-24
부다스밸리,서울 용산구 이태원동 457-1
본떡볶이,서울 성동구 용답동 159-1
카페더수,서울 강남구 역삼동 702-23
최배달떡순튀 구의점,서울 광진구 구의동 252-65
화양양꼬치,서울 광진구 구의동 252-77
갯벌낙지 수제비,서울 서대문구 남가좌동 3-92
우사골 순대국밥,서울 서대문구 대현동 56-33
명랑한찜닭,서울 서대문구 창천동 52-144
보길도 활어회,서울 서대문구 북아현동 180-16
화덕 등갈비,서울 서대문구 연희동 141-34
곤지암할매국밥&왕갈비탕 신림점,서울 관악구 신림동 1680-4
행복한찜닭,서울 서대문구 대현동 60-7
달보드레안주마을,서울 송파구 잠실동 196
풀리어트샐러드,서울 송파구 문정동 651
라쿤피자,서울 송파구 방이동 124-22
정통마라탕 마포마라회관 선릉점,서울 강남구 대치동 896-16
헬키푸키 선릉점,서울 강남구 대치동 908
화양양고기꼬치전문점,서울 광진구 화양동 9-50
정성성 도시락,서울 강남구 역삼동 797-3
타코로코,서울 서대문구 창천동 53-20
배떡 홍제점,서울 서대문구 홍제동 154-10
삼미마라탕,서울 서대문구 창천동 62-23
미타우동,서울 서대문구 홍제동 287-216
한뿌리죽 이촌본점,서울 용산구 이촌동 301-10
신룽푸 마라탕,서울 서대문구 대현동 60-8
정 한뿌리죽 키친 송파점,서울 송파구 방이동 218-25
유가네닭갈비 신대방삼거리역점,서울 동작구 상도동 328-10
두찜 강남논현점,서울 강남구 논현동 219-33
세미,서울 광진구 광장동 257-4
포아이니베트남쌀국수 광장점,서울 광진구 광장동 287-4
37.5 파스타 브런치 광진점,서울 광진구 광장동 322-6
아토키토 샐러드&포케 가좌점,서울 서대문구 북가좌동 484
타이반쩜상암점,서울 서대문구 북가좌동 372-14
도화곱창,서울 마포구 도화동 179-7
사위식당,서울 마포구 공덕동 467
소풍가는날,서울 마포구 합정동 411-13
봉피양마포,서울 마포구 용강동 50-3
황금소,서울 용산구 용문동 18-15
아구듬뿍알곤마니,서울 관악구 봉천동 1566-3
피슈 마라 홍탕 마포역점,서울 마포구 도화동 201-42
미미마라탕,서울 서초구 반포동 18-4
소문난 순대국,서울 관악구 신림동 1587-34
양촌떡갈비,서울 관악구 신림동 1592-1
전라도호남댁 헝아네,서울 관악구 신림동 1640-38
양지88순대,서울 관악구 신림동 1640-38
유진감자탕,서울 서대문구 홍제동 253-12
아차산매운떡볶이 본점,서울 광진구 자양동 859
행복한조개맛집,서울 관악구 신림동 1587-12
탄탄숯불구이,서울 마포구 망원동 517
앨리스의토끼굴,서울 송파구 석촌동 24-3
태가커피,서울 마포구 서교동 400-26
두번먹는 명인김치찜 삼전점,서울 송파구 삼전동 61-14
30년 불멸의 닭발 삼전점,서울 송파구 삼전동 61-14
명운추어탕,서울 관악구 신림동 110-83
호세야 오리바베큐 (만나푸드),서울 관악구 신림동 598-209
커피타다,서울 광진구 구의동 237-49
등촌식당,서울 강서구 등촌동 509-3
양푼이동태탕,서울 영등포구 양평동4가 153-6
에펠샐러드,서울 강서구 마곡동 758
오마뎅 당산 래미안점,서울 영등포구 당산동5가 11-34
온달떡볶이,서울 영등포구 당산동4가 32-12
펭귄냉면 본점,서울 강서구 화곡동 1115-19
마스터키친(직접 끓이는육수 백그릇 냉면),서울 강서구 화곡동 1115-19
교반육회비빔밥도시락&냉면 마곡점,서울 강서구 마곡동 800-15
오늘의찜,서울 영등포구 영등포동7가 203
인생타코 발산점 (샾인생타코),서울 강서구 내발산동 681-17
라화방마라탕,서울 강서구 마곡동 774-9
요리하는남자,서울 강서구 화곡동 822-23
장모보쌈,서울 강서구 화곡동 1114-24
초밥한잎,서울 양천구 신월동 474-2
구름계란덮밥 당산점,서울 영등포구 영등포동7가 208
조선마라탕,서울 강서구 방화동 246-11
주식회사 휴림,서울 강서구 방화동 908
연테이블,서울 동작구 신대방동 607-24
돈돌부대찌개,서울 강서구 등촌동 510-13
신고집해물찜,서울 강서구 화곡동 1052
동해물과 아구찜,서울 강서구 화곡동 1071-44
남도식당,서울 강서구 화곡동 362-167
네모푸드,서울 강서구 화곡동 978-14
찐하오마라탕,서울 양천구 목동 709-2
온솥,서울 영등포구 당산동2가 48-28
온솥,서울 강서구 화곡동 1118-18
가정식당,서울 영등포구 당산동2가 6
국가대표아구찜&알곤이찜. 화곡점,서울 강서구 화곡동 1020-9
조병관숙성회,서울 강서구 화곡동 1121-2
두마리찜닭 두찜 영등포신길점,서울 영등포구 신길동 235-1
소녀네반찬cafe,서울 강서구 화곡동 340-47
돈맛탱 삼겹살전문점,서울 강서구 마곡동 774-9
평미가,서울 양천구 신정동 294-12
박민자 당진 아구찜탕,서울 영등포구 신길동 488
애솔촌돼지,서울 영등포구 양평동2가 33-49
곱분이곱창,서울 영등포구 양평동2가 31-47
쁘띠문래,서울 영등포구 문래동6가 29
종로김밥 문래점,서울 영등포구 문래동6가 24-1
쌍둥이네숯불닭갈비&수제닭꼬치 8호점,서울 강서구 화곡동 332-22
여로집,서울 강서구 마곡동 795-2
야무진 떡볶이,서울 강서구 내발산동 750-7
샐러드 박스,서울 종로구 수송동 67-1
시골순대,서울 영등포구 신길동 111-9
정통마라탕마포마라회관,서울 마포구 도화동 536
30년 불멸의 닭발,서울 강서구 내발산동 659-16
이것이 빈대떡이다,서울 강서구 화곡동 1132-3
틸란,서울 강서구 화곡동 1077-2
진도집,서울 중구 남창동 169-2
1kg 배달삼겹,서울 종로구 경운동 91-1
신월동오남매닭갈비,서울 양천구 신월동 517-4
이화양꼬치,서울 양천구 목동 406-79
일미정,서울 중구 장충동2가 17
피쉬버켓,서울 마포구 합정동 373-3
피쉬버켓,서울 중구 신당동 347-355
황비홍마라탕,서울 강서구 내발산동 677-25
VAN XUAN(반수우안),서울 종로구 동숭동 1-74
꽃백숙,서울 종로구 창신동 573-1
오한수우육면가 마곡점,서울 강서구 마곡동 771-3
상도연탄갈비,서울 양천구 목동 404-129
명성각,서울 강서구 마곡동 801-2
목동가,서울 양천구 신정동 323-16
송주불냉면 신월1점,서울 양천구 신월동 523-2
전주식당,서울 종로구 관수동 43-2
미담쭈꾸미,서울 종로구 관철동 22
한티옥,서울 송파구 방이동 182-2
다한,서울 서대문구 냉천동 261-2
마라샤오반,서울 중구 황학동 479
정든곱창,서울 중구 황학동 505
화수목 (花水木),서울 마포구 신수동 103-4
자연담은도시락,서울 종로구 내수동 73
육십삼 프로방스 마포공덕점,서울 마포구 도화동 268
우리동네,서울 양천구 목동 739-5
마라연구소 목동점,서울 양천구 목동 753-12
성경,서울 마포구 공덕동 256-5
치치,서울 종로구 동숭동 1-57
연아푸드,서울 마포구 염리동 515-1
주식회사 니로사,서울 종로구 동숭동 1-152
더(The)드림한상,서울 서대문구 남가좌동 7-5
행컵,서울 양천구 목동 907-17
라라본국,서울 마포구 합정동 427-7
크랩회피쉬,서울 영등포구 대림동 603-34
정가네 뽈테기 찜탕,서울 양천구 신월동 166-2
피자로뎀,서울 영등포구 대림동 909-44
놀부부대찌개&철판구이,서울 영등포구 대림동 909-2
김해숙들마루순대국,서울 양천구 신월동 113-28
마녀의 컵플하우스,서울 영등포구 대림동 786-5
은주식당,서울 중구 주교동 43-23
달꿍,서울 성동구 하왕십리동 985
낭만 김치찌개,서울 강서구 등촌동 663-21
맛뿔감자탕,서울 영등포구 대림동 990-4
하노이의아침,서울 영등포구 여의도동 43-3
인정푸드,서울 송파구 오금동 122-4
노멀브런치(Normal Brunch),서울 용산구 용산동2가 1-402
오봉도시락영등포양평점,서울 영등포구 양평동3가 5-4
신화불닭,서울 서대문구 창천동 53-3
케이6송탄부대찌개,서울 양천구 목동 793-2
도리식탁,서울 양천구 목동 923-14
스낵서울,서울 종로구 삼청동 80-6
마라인마라탕마라샹궈,서울 광진구 중곡동 49-3
행복한과일,서울 송파구 송파동 121
소림타운 광진점,서울 광진구 구의동 668
모두뼈다귀감자탕,서울 강서구 화곡동 1006-9
마라영웅 영등포점,서울 영등포구 영등포동6가 4-2
바다왕국,서울 송파구 가락동 18-13
이태리식당,서울 광진구 화양동 23-1
라사천마라탕 방이점,서울 송파구 방이동 129-3
라사천마라탕,서울 마포구 상암동 1293
정성미역국 문정점,서울 송파구 문정동 652
타이반쩜 영등포점,서울 영등포구 대림동 784
정직한돈카츠,서울 중구 신당동 132-14
파스타입니다 왕십리점,서울 중구 신당동 52-109
능이네,서울 중구 황학동 613
이화원 중식당,서울 영등포구 대림동 893-58
홈푸드 스토리,서울 중구 신당동 110-7
어부네코다리 신당점,서울 중구 신당동 247-48
죽도령 신정점,서울 양천구 신정동 1032-10
구내식당,서울 마포구 망원동 57-194
마약낙곱새 관악점,서울 관악구 봉천동 466-13
김치만선생,서울 중구 필동2가 97-2
진전복삼계탕 대치점,서울 강남구 대치동 974
떡볶이 참 잘하는집 강남일원점,서울 강남구 일원동 682-7
소오,서울 서대문구 대현동 60-5
온솥 주식회사,서울 강남구 역삼동 724-36
아침점심저녁 본점,서울 강남구 역삼동 706-17
아침점심저녁 화곡점,서울 강서구 화곡동 347-2
앨리스핫도그,서울 강남구 논현동 108
판다비즈,서울 강남구 역삼동 660-25
바로푸드,서울 강남구 역삼동 660-25
곰프레시,서울 강남구 역삼동 660-25
돌판장 주식회사,서울 용산구 한강로2가 2-352
묵찜빠강남점,서울 강남구 삼성동 8-2
주식회사 잇그린,서울 강남구 역삼동 624-14
배떡 교대점,서울 서초구 서초동 1639-3
"동해, 김명자 낙지마당",서울 강남구 개포동 1228-4
그린레시피,서울 강남구 논현동 167-17
신림동본가백순대,서울 관악구 봉천동 970-21
153구포국수 군자점,서울 광진구 군자동 467-3
비어부르스(사당역점),서울 관악구 남현동 1061-1
혼다라멘,서울 광진구 구의동 246-71
진전복삼계탕 압구정 직영점,서울 강남구 신사동 578-1
이엘포레스트,서울 강남구 역삼동 832-33
샹츠마라 어린이대공원점,서울 광진구 화양동 111-130
김지영전집,서울 광진구 자양동 621-52
럼프슈가 (Lump Sugar),서울 성동구 용답동 65-6
김영희 강남동태찜 이수점,서울 서초구 방배동 3001-2
알로하프룻,서울 성동구 하왕십리동 1066
두마리찜닭 두찜 동작노량진점,서울 동작구 노량진동 117-31
마화쿵푸,서울 관악구 신림동 241-118
두마리찜닭 두찜 (강남세곡점),서울 강남구 자곡동 658
두마리찜닭두찜용산이태원점,서울 용산구 이태원동 341-4
두찜 광진 구의점,서울 광진구 구의동 222-15
세븐버거스 어 위크,서울 성동구 성수동1가 656-1036
두마리찜닭 두찜 한양대점,서울 성동구 행당동 39-3
에디슨바이댄 성수점,서울 성동구 성수동1가 685-431
두찜 서초교대점,서울 서초구 서초동 1637-1
명가,서울 성동구 하왕십리동 975-36
광동성,서울 영등포구 신길동 73-15
두찜 서대문홍제점,서울 서대문구 홍은동 36-10
내고향초두부,서울 영등포구 대림동 804-28
일월수제만두,서울 성동구 성수동2가 564-1
두찜 강남대치점,서울 강남구 대치동 935-4
파머스포케 뚝섬역점,서울 성동구 성수동1가 8-33
도쎄멕시칸,서울 성동구 성수동1가 656-3
이흥부 족발,서울 성동구 성수동1가 13-144
포케올데이 성수점,서울 성동구 성수동2가 328-6
청년다방 건대점,서울 광진구 자양동 9-3
소평루,서울 강서구 마곡동 784-4
아토키토,서울 성동구 성수동2가 280-21
밥한민국,서울 강남구 논현동 148-13
한양꽃삼겹&곱창명가,서울 강남구 논현동 148-13
1982 한인타운 냉면&곰탕,서울 강남구 논현동 148-13
알리타 유기농죽,서울 광진구 자양동 553-438
천미식당,서울 광진구 자양동 829
한낮의밤,서울 성동구 성수동2가 566-10
신(辛) 마라명가,서울 송파구 문정동 67-9
까치산 냉면&김치찌개 본점,서울 강서구 화곡동 347-8
주식회사 오픈팩토리,서울 관악구 봉천동 933-29
반이학생마라탕마라반,서울 서대문구 창천동 33-46
미소샌드위치&샐러드,서울 성동구 용답동 57-18
집밥쭈선생,서울 성동구 용답동 50-2
족팔계,서울 성동구 용답동 14-20
쪽선생,서울 성동구 용답동 12-2
슬로우레빗,서울 성동구 용답동 70-9
한우공감,서울 성동구 용답동 56-11
지앤지푸드,서울 성동구 하왕십리동 1066
돌매등,서울 성동구 도선동 69
두찜 건대점,서울 광진구 자양동 7-13
공주닭발 용산점,서울 용산구 한강로2가 71
문가네,서울 종로구 창신동 330-59
동대문일품짜장면,서울 종로구 창신동 438-16
레인보우포차,서울 중구 을지로6가 18-74
레인보우포차 왕십리,서울 성동구 행당동 292-34
주식회사 금은보화,서울 강남구 역삼동 823
딘딘향마라탕&마라샹궈 논현점,서울 강남구 논현동 221-7
천린,서울 강남구 논현동 135-5
마라의신 대치점,서울 강남구 대치동 909-8
마라스타(마라STAR),서울 성동구 사근동 210-19
카츠쇼쿠도우 영등포구청점,서울 영등포구 당산동2가 165
라쿤피자 건대본점,서울 광진구 자양동 59-24
꾸이꾸이 숯불두마리치킨 용두점,서울 동대문구 용두동 105-27
복돈우리 돼지국밥,서울 동대문구 신설동 81-128
명가갈비찜,서울 동대문구 청량리동 366
베스트생갈비찜&찜닭,서울 동대문구 제기동 892-66
왕언니네,서울 동대문구 제기동 1019
쭈대가 제육대가 제기점,서울 동대문구 제기동 286-10
연어사랑1,서울 동대문구 제기동 137-10
국수사랑,서울 동대문구 제기동 137-10
일미리금계찜닭 고대점,서울 동대문구 제기동 137-94
옛날경성순대국 장한평역점,서울 동대문구 장안동 433-11
맛고을푸드(오늘은카레),서울 동대문구 전농동 688-3
유닌푸드,서울 동대문구 전농동 204-221
봉추찜닭 경희대점,서울 동대문구 회기동 16-32
잇츠소유 경희대본점,서울 동대문구 회기동 16-15
와이 스테이크(Y-Steak),서울 강남구 역삼동 711-6
춘리마라탕 외대점,서울 동대문구 이문동 305-61
주식회사 애신(구기우육도삭면),서울 동대문구 이문동 305-62
밀,서울 동대문구 장안동 167-14
장안정,서울 동대문구 장안동 142-3
장수만세,서울 중랑구 면목동 131-1
맛있는쭈꾸미집,서울 동대문구 장안동 382-25
디어테이블,서울 동대문구 장안동 338-9
공릉닭한마리,서울 동대문구 장안동 310-2
풍국면 장안점,서울 동대문구 장안동 308-4
라와마라탕 장안점,서울 동대문구 장안동 330-5
로이앤벨라,서울 동대문구 장안동 337-22
(주)화양다이닝,서울 광진구 화양동 11-7
만복래,서울 동대문구 장안동 339-29
황해장님,서울 동대문구 장안동 399-31
델리하우스,서울 광진구 자양동 855
짚신매운갈비찜 석계점,서울 성북구 석관동 176-53
회태랑사골마라탕,서울 동대문구 이문동 264-303
파스타리코 돌곶이점,서울 성북구 석관동 252-5
동그라미 파스타,서울 성북구 석관동 288-7
산골춘천닭갈비쭈꾸미 전문점,서울 성북구 석관동 133-55
두찜사가정역점,서울 중랑구 면목동 472-5
동궁찜닭 성북석관점,서울 성북구 석관동 258-1
홍곱창(동덕여대점),서울 성북구 하월곡동 50-12
조선아구찜 강북점,서울 성북구 하월곡동 50-12
철판남자(철남),서울 성북구 안암동5가 104-45
장위동유성집,서울 중랑구 중화동 307-11
촌,서울 성북구 보문동7가 105-3
치쥬 성북천점,서울 성북구 안암동3가 103
기영이 숯불두마리치킨 성북보문점,서울 성북구 보문동5가 3-3
찌개마니,서울 성북구 삼선동2가 94
키로족발,서울 성북구 삼선동2가 94
고기마니,서울 성북구 삼선동2가 94
골목냉면 삼선교,서울 성북구 동소문동2가 213
국민낙곱새 길음점,서울 성북구 길음동 1243-1
미친갈비,서울 성북구 삼선동2가 196
루치오 파스타,서울 성북구 삼선동3가 116
동리단길 피자,서울 성북구 동소문동3가 35
오므파탈 성신여대점,서울 성북구 동선동1가 2-4
구름계란덮밥 성신여대점,서울 성북구 동선동1가 2-4
연미카세(백담김치찜),서울 성북구 동소문동5가 59-21
드림푸드컴퍼니,서울 은평구 응암동 335-6
백순대 본가 새맛 은평점,서울 은평구 응암동 767
오월 은평 직영점,서울 은평구 응암동 767
뚜띠쿠치나 응암점,서울 은평구 신사동 23-56
스트릿 1988 용두동아제약점,서울 동대문구 용두동 249-7
100억 분식,서울 동대문구 용두동 39-525
뜸들이다,서울 중랑구 망우동 495
용마산해물뼈아구찜,서울 중랑구 망우동 466-10
도도김밥,서울 중랑구 망우동 479
마라영웅 은평점,서울 은평구 갈현동 466-9
우량,서울 강동구 성내동 439-5
오리바베큐,서울 중랑구 면목동 1111-3
미크닉김밥,서울 중랑구 면목동 161-27
도리당 강동점,서울 강동구 천호동 223-1
은평양꼬치,서울 은평구 녹번동 80-9
나무미,서울 중랑구 면목동 52-2
파파고기집,서울 중랑구 면목동 183-58
마미스파게티&샌드위치,서울 강동구 둔촌동 484-15
암사쪽갈비(상일점),서울 강동구 상일동 221
배달의 쌀국수 은평점,서울 은평구 역촌동 10-96
떡튀순1번가,서울 은평구 대조동 1-6
상봉로,서울 중랑구 상봉동 103-8
길동우동,서울 중랑구 상봉동 129-66
돈킴명인감자탕,서울 중랑구 상봉동 120-7
족보명가,서울 강동구 상일동 204
맛있는남도밥상,서울 강동구 상일동 342
강동제육,서울 강동구 성내동 427-10
33떡볶이,서울 강동구 길동 399-19
동궁찜닭 상봉신내점,서울 중랑구 상봉동 190-215
동궁찜닭 은평연신내점,서울 은평구 갈현동 399-5
사랑관 연신내점,서울 은평구 갈현동 453-8
안동유진찜닭,서울 은평구 갈현동 456-17
월미당 상봉점,서울 중랑구 상봉동 91-4
한우촌돼지마을앤간장게장,서울 강동구 길동 412-8
뽁밥강동점,서울 강동구 길동 414-2
푸드딜리버리 은평점,서울 은평구 갈현동 503-1
청춘을 바친 곱창,서울 은평구 갈현동 433-36
고추장,서울 은평구 갈현동 402-11
시즈닝랩(주) 선샤인포케,서울 은평구 갈현동 402-13
배군 패밀리,서울 강동구 길동 340-16
알라딘 수제 김밥,서울 은평구 갈현동 424-15
어부 살꽃게,서울 은평구 갈현동 430-4
돈의정석,서울 은평구 대조동 171-27
에스에이치푸드3(오늘은 오므라이스),서울 은평구 대조동 89-84
에스에이치푸드(그램치킨),서울 은평구 대조동 89-84
골짝마을,서울 중랑구 신내동 537-3
토평한우소곱창,서울 중랑구 신내동 646
꿉는남자,서울 중랑구 중화동 313-14
안준마라공방,서울 강동구 암사동 513
진정한족발,서울 강동구 성내동 38-20
독쭈-독도쭈꾸미 배달본점,서울 강동구 성내동 428-5
날쌘카페 명일고덕점,서울 강동구 명일동 249
망우찜쌈밥 본점,서울 중랑구 망우동 410-2
망우찜쌈밥1호점,서울 중랑구 망우동 409-23
윤이네 집밥,서울 은평구 응암동 754-1
씨앤아이 푸드(곱창앤야끼),서울 은평구 응암동 696-53
곱분이곱창,서울 은평구 응암동 591-10
흥부족발&고기굼터,서울 중랑구 면목동 472-62
엠에이치(MH)딜리버리 ,서울 중랑구 중화동 302-71
오공김밥 중랑구청점,서울 중랑구 신내동 667
88베이,서울 강동구 천호동 229-38
프레시샐 구파발점,서울 은평구 진관동 29
모락떡볶이&담아내다&돼지게티,서울 은평구 진관동 29
엄마의 레시피,서울 은평구 진관동 100-2
원순두부찌개,서울 은평구 진관동 25
지가네양꼬치,서울 강동구 천호동 297-2
돌격 닭강정 길음뉴타운점,서울 성북구 길음동 1282
거기시켜덮밥&간식 강동점,서울 강동구 천호동 362-56
송주불냉면,서울 강동구 천호동 362-56
도로시파스타 연정,서울 중랑구 면목동 190-103
가재울 사골 순대국,서울 은평구 증산동 184-9
할머니가래떡볶이 길음점,서울 성북구 길음동 1288
용마산역 순대국 감자탕,서울 중랑구 면목동 1382
남가네 설악추어탕 은평구청점,서울 은평구 녹번동 83-43
한아름/어유돈,서울 성북구 돈암동 15-1
흥부네식당,서울 성북구 돈암동 19-176
몬스터 분식,서울 성북구 돈암동 636
박가부대 신설동역점,서울 동대문구 신설동 80-1
파스타치오,서울 강동구 천호동 28-8
이태리 맨션,서울 성북구 동선동3가 250-1
밀알칼국수,서울 성북구 동소문동6가 72
슬로우캘리 상봉점,서울 중랑구 상봉동 102-57
동키타코스,서울 성북구 정릉동 165-1
고기왕김치찜 정릉점,서울 성북구 정릉동 16-45
코알라 키친,서울 성북구 삼선동4가 320
경성밥상 성신여대점,서울 성북구 동소문동5가 120
소림마라 성북점,서울 성북구 종암동 3-94
주식회사 애드쉐어,서울 성북구 종암동 130-1
꾸찜 쪽갈비꾸이·찜 전문식당,서울 성북구 종암동 130-1
쿡의 정석,서울 동대문구 이문동 236-12
매콤화담쭈꾸미,서울 동대문구 이문동 305-69
착한갈비찜,서울 성북구 하월곡동 62-11
고고인디안쿠진 본점,서울 성북구 안암동5가 104-246
매스플레이트,서울 성북구 안암동5가 101-27
꼬육꼬밥,서울 성북구 하월곡동 88-510
이차돌돌곶이점,서울 성북구 석관동 250-9
마몽함박,서울 성북구 정릉동 289-50
쌤ssaem,서울 성북구 정릉동 372-48
아덜딜리버리,서울 성북구 정릉동 372-48
인찜 인생최고의찜닭,서울 성북구 정릉동 258-12
세친구곱창,서울 동대문구 장안동 287-2
호야퓨젼,서울 동대문구 장안동 142-8
너나들이,서울 동대문구 회기동 60-71
정성국제 주식회사 (양궈푸마라탕 경희대점),서울 동대문구 회기동 16-1
행복은간장밥 건국대점,서울 광진구 자양동 5-13
청도해물탕아구찜,서울 동대문구 제기동 478-6
오잘전맥집,서울 동대문구 장안동 460-1
마왕족발 서울석관점,서울 성북구 석관동 133-33
동대문 부대찌개,서울 성동구 용답동 238-2
직화푸드,서울 동대문구 장안동 93-32
두찜 강동성내점,서울 강동구 성내동 41-5
까치네분식,서울 은평구 갈현동 503-1
오아시,서울 은평구 갈현동 434-9
백년불고기물갈비,서울 은평구 갈현동 461-1
이세상에서 가장 맛있는 떡볶이 은평1호점,서울 은평구 불광동 170-185
"막국수 주는 안동찜닭, 족발",서울 은평구 구산동 15-10
칠기마라샹궈마라탕 중앙대점,서울 동작구 흑석동 190-49
본능족으로 족발보쌈,서울 광진구 군자동 471-1
골드레벨 푸드,서울 동대문구 회기동 5-4
모던12,서울 은평구 대조동 185-14
분식대장,서울 은평구 대조동 212-52
곱순이곱창,서울 은평구 불광동 356-10
뻘건낙지,서울 은평구 역촌동 15-32
성 너머집,서울 은평구 불광동 28-11
토담,서울 은평구 응암동 602-1
대박쌈밥두루치기,서울 은평구 응암동 600-4
임가네 갈비탕,서울 은평구 응암동 116-25
주식회사 식객도시락,서울 동대문구 회기동 42-70
제주삼달리국수,서울 은평구 응암동 89-1
신의주찹쌀순대,서울 은평구 응암동 110-9
찌개랑,서울 동작구 상도동 465-1
면식당 상도점,서울 동작구 상도동 505-4
남강숯불,서울 은평구 신사동 8-32
놀부부대찌개 철판구이,서울 은평구 불광동 274-13
밥먹고,서울 은평구 구산동 26-39
상도 덮밥,서울 동작구 상도1동 792
진국수,서울 은평구 대조동 15-224
운하 진짜전복,서울 동작구 상도동 535
와사비,서울 은평구 갈현동 455-8
라화방 마라탕,서울 은평구 신사동 2-17
순살순정아구찜,서울 관악구 봉천동 1566-3
그란삐아띠,서울 관악구 봉천동 1675-15
돈킴 명인감자탕,서울 관악구 봉천동 1596-1
닭도리어때 봉천점,서울 관악구 봉천동 1539-15
신입파스타 신림점,서울 관악구 봉천동 936-5
대학동 간식,서울 관악구 신림동 1514-9
고바우순대국 감자탕,서울 관악구 신림동 1596-5
장어다,서울 관악구 신림동 587-23
해담촌,서울 관악구 신림동 1641-40
꼴목,서울 관악구 신림동 1522-5
기막힌포차,서울 관악구 신림동 75-25
노고산갈비,서울 마포구 노고산동 107-97
한신우동,서울 마포구 상수동 318-2
추떡,서울 마포구 공덕동 456
쭌곱창,서울 마포구 서교동 332-5
스시앤도시락,서울 마포구 상암동 1605
동궁찜닭 영등포점,서울 영등포구 영등포동7가 208
3월에 우사기,서울 영등포구 영등포동7가 208
와인투고,서울 영등포구 영등포동7가 208
만족오향족발 상암DMC점,서울 마포구 상암동 1596
천지인국밥삼계탕,서울 마포구 상암동 1601
파스치노팬스테이크,서울 마포구 서교동 486
이가네떡볶이,서울 마포구 서교동 442-30
명장수제족발,서울 마포구 성산동 200-361
일미리금계찜닭 천호점,서울 강동구 성내동 38-3
호랭곱창,서울 강동구 성내동 25-1
삼거리,서울 마포구 중동 218
홍춘천 마포구청점,서울 마포구 성산동 591-5
정직유부 마포아현점,서울 마포구 아현동 618-22
백정푸드,서울 마포구 염리동 8-48
(주)민들레진,서울 강서구 화곡동 977-21
짱구한식분식,서울 관악구 신림동 1432-92
쭝식대장 관악점,서울 관악구 신림동 1432-92
이런이궈마라탕,서울 강서구 내발산동 750-10
진도댁,서울 강서구 공항동 45-86
(주) 탑텐코리아,서울 강남구 역삼동 642-1
하타네 마곡나루점,서울 강서구 마곡동 758-2
두찜 신방화점,서울 강서구 마곡동 735
지호한방삼계탕,서울 마포구 합정동 426-7
마싰는끼니 가양역점,서울 강서구 등촌동 628-9
지리산생고기,서울 양천구 목동 405-70
해어랑,서울 강서구 방화동 563-27
(주)삼천리 이엔지,서울 영등포구 여의도동 35-3
신영바베큐,서울 양천구 신월동 113-15
자연풍천장어(주),서울 강서구 방화동 573-7
옥이아구찜,서울 강서구 방화동 562-26
명성왕족발,서울 양천구 신월동 106-39
경식탁,서울 양천구 신월동 160-6
장라멘,서울 양천구 신월동 546-25
부빔,서울 양천구 신정동 1006-1
길씨네가래떡볶이,서울 양천구 신정동 1183-32
명가들깨칼국수,서울 양천구 신정동 1020-15
이립,서울 강서구 마곡동 797-7
바로덮밥 화곡점,서울 강서구 화곡동 24-90
라이라이스 화곡점,서울 강서구 화곡동 24-90
고기듬뿍대왕비빔밥 신정점,서울 양천구 신정동 909-28
코리안숯불바베큐,서울 양천구 신정동 903-26
밥밥디라라목동점,서울 양천구 신정동 908-15
신짱푸드,서울 양천구 목동 405-96
윤반장 용산점,서울 용산구 동자동 9-3
강제로시작한떡볶이,서울 강서구 화곡동 803-23
피슈마라홍탕 군자역점,서울 광진구 능동 276-3
버스컵떡볶이,서울 용산구 청파동2가 56-10
와다라멘 이태원점,서울 용산구 이태원동 34-91
만족오향족발 금호점,서울 성동구 금호동1가 1805
멘부리 신금호점,서울 성동구 금호동2가 465-1
엄마순대,서울 광진구 자양동 239-1
놀부부대찌개 스타시티점,서울 광진구 자양동 227-7
백년손님,서울 용산구 한남동 110-1
마루곱창,서울 용산구 보광동 216-5
샹츠마라 구의직영점,서울 광진구 구의동 252-43
영이떡볶이 앤 김밥,서울 용산구 후암동 55-48
희정보감족,서울 성동구 성수동1가 14-46
효자동설렁탕 이태원점(돈보2),서울 용산구 이태원동 64-33
포나,서울 용산구 한강로2가 422
황가네감자탕,서울 광진구 중곡동 245-22
현진앤푸드,서울 강동구 길동 339-1
만나푸드테크,서울 강동구 길동 339-1
미스터보쌈 앤 스탠딩스테이크 길동점,서울 강동구 길동 333-2
통영돌문어산곰장어,서울 광진구 중곡동 79-10
나무수,서울 강동구 강일동 677
타코멕스,서울 중구 초동 19-9
오키오키국물떡볶이n냉면,서울 강동구 성내동 430-46
최이순 홍어무침,서울 강동구 성내동 417-52
전주맛집,서울 강동구 성내동 428-9
오한수 우육면가 상일점,서울 강동구 상일동 501
황해장님,서울 강서구 화곡동 1020-9
덕이나루,서울 종로구 누하동 27
카우보이,서울 종로구 내수동 75
진족발,서울 중랑구 면목동 151-23
방여사소불고기백반,서울 중랑구 망우동 410-4
종로계림닭도리탕원조 천호점,서울 강동구 천호동 414
약수동해물텀벙,서울 중구 신당동 372-2796
뜨리먼뜨,서울 강서구 화곡동 812-8
 홍연,서울 중구 남창동 46-13
본가장수촌,서울 중랑구 망우동 381-5
북창동 개성칼만두,서울 중구 북창동 92
누리옥,서울 중구 북창동 96
정일백 하노이쌀국수 본점,서울 중구 순화동 217
(주)오랜친구들,서울 중구 서소문동 143
신의주찹쌀순대,서울 중구 서소문동 89
동창야채닭갈비,서울 중랑구 중화동 312-19
목포아구찜,서울 중랑구 신내동 399-3
반포식스 서울시청점,서울 중구 무교동 24-2
브라더 양꼬치&마라탕 동대문,서울 중구 신당동 234-1
천계 닭한마리,서울 중구 무학동 32-2
백미향마라탕 명륜점,서울 종로구 명륜1가 7-19
파스타 마켓,서울 종로구 명륜4가 103-6
진향족발,서울 종로구 종로5가 44-1
흥부가,서울 중구 쌍림동 146-4
서울곰탕,서울 중구 쌍림동 182-75
잘빠진메밀 을지로 직영점,서울 중구 을지로4가 75
연이꼬마김밥,서울 종로구 적선동 80
호앙비엣 (종로5가점),서울 종로구 인의동 48-14
부산 돼지국밥,서울 중구 충무로3가 59-24
내림손삼계탕,서울 중구 을지로6가 18-40
백채김치찌개 동국대점,서울 중구 충무로5가 90
고레카레 을지트윈타워점,서울 중구 을지로4가 323
광화문 도시락,서울 중구 을지로1가 50-1
제육과 콩나물,서울 중구 황학동 583
경복궁미역,서울 종로구 필운동 144-2
홈푸드스토리,서울 종로구 숭인동 336
팔도1991,서울 송파구 가락동 71-3
종로족빨,서울 종로구 관철동 257
돈이 좋아,서울 송파구 거여동 178-139
전유진의 토종 장칼국수,서울 송파구 거여동 178-139
이경레시피,서울 중구 흥인동 3-4
포하이 쌀국수,서울 송파구 거여동 36
선우,서울 송파구 석촌동 21
마싯소,서울 송파구 방이동 47-13
춘천호반닭갈비막국수,서울 송파구 방이동 191-6
뽀까슈,서울 성북구 삼선동5가 410
왕가갈비곰탕,서울 송파구 마천동 50-2
명성곱창,서울 송파구 방이동 111-14
금성분식당,서울 성북구 동선동1가 85-58
엄마손 돼지불백,서울 종로구 동숭동 1-96
총각네 엘스점,서울 송파구 잠실동 19-9
사눅타이,서울 영등포구 여의도동 34-7
엘디에스,서울 영등포구 여의도동 10
황생가칼국수여의도 The-K 타워점,서울 영등포구 여의도동 35-3
토끼 떡볶이,서울 영등포구 여의도동 41-1
설계도,서울 영등포구 여의도동 44-1
푸드나라,서울 영등포구 양평동1가 148-8
주식회사 미스테리쉐프린,서울 영등포구 여의도동 44-2
제비파스타&리조또 마포점,서울 마포구 도화동 173
1992덮밥&짜글이 동여의도점,서울 영등포구 여의도동 45-11
모두의진미족발,서울 영등포구 여의도동 53
파슷타애요 영등포점,서울 영등포구 신길동 188-317
산척동 수제비 문정3호점,서울 송파구 문정동 651
문어집,서울 송파구 잠실동 206-19
장수왕족발,서울 송파구 풍납동 148-1
라라푸드,서울 송파구 장지동 897
포트리스 쌀국수 위례점,서울 송파구 장지동 883
팔당오징어,서울 영등포구 문래동4가 8-3
신머이 쌀국수,서울 영등포구 신길동 92-18
주식회사 델리스코(DELISCO),서울 영등포구 신길동 262-58
상추집,서울 영등포구 신길동 4377
포익스프레스,서울 영등포구 당산동4가 80
뜰아래,서울 동대문구 회기동 105-11
아토키토,서울 송파구 문정동 644-2
주식회사 엔케이앤씨,서울 영등포구 당산동4가 32-14
하루장군,서울 영등포구 양평동4가 97
샐러드하우스,서울 종로구 적선동 156
배떡 잠실새내점,서울 송파구 잠실동 244-12
오복식당 진주향토음식점,서울 송파구 문정동 644
맛고을식당,서울 송파구 풍납동 392
전주콩나물국밥,서울 영등포구 문래동3가 55-20
명동칼국수샤브샤브,서울 동대문구 신설동 74-2
타이반쩜 신림점,서울 관악구 봉천동 492-12
만나식당,서울 동대문구 장안동 369-4
디노딜라잇,서울 동대문구 용두동 236-1
이문동辛냉면,서울 동대문구 이문동 288-53
계팔자,서울 관악구 신림동 508-7
희야곱창,서울 동대문구 휘경동 43-184
북촌손만두,서울 동대문구 장안동 310-1
삼수장어,서울 관악구 봉천동 1620-37
해밍턴 부대찌개,서울 관악구 봉천동 1655-7
곱창옥,서울 관악구 봉천동 1655-7
청담족발 관악점,서울 관악구 봉천동 957-6
갯벌철판낙지,서울 관악구 봉천동 1632-3
방실분식,서울 관악구 신림동 1519-22
한끼,서울 관악구 신림동 509-22
깡통닭갈비,서울 관악구 신림동 1433-69
샐러드킹 주식회사,서울 마포구 도화동 538
연남해장국,서울 마포구 동교동 113-19
발리인망원,서울 마포구 망원동 394-86
뭉치포차 닭발전문점,서울 마포구 망원동 474-10
저-집 망원점,서울 마포구 망원동 57-295
골뱅이 닭컴.짜장,서울 마포구 망원동 57-426
라화쿵부 숙대입구역점,서울 용산구 갈월동 90-17
한남 칼국수,서울 용산구 이태원동 63-42
범벅집,서울 마포구 아현동 326-18
원효해물탕,서울 용산구 원효로2가 90-3
언덕테이블,서울 용산구 보광동 386-1
광희집,서울 중구 광희동1가 154-2
금당실 황소곱창,서울 용산구 이태원동 663
엘리팝 충무로점,서울 중구 충무로4가 132-3
무봉리토종순대국,서울 종로구 도렴동 60
쭈꾸미부대찌개,서울 종로구 동숭동 1-27
혼또카레,서울 종로구 명륜2가 114-1
임현정 창신육회빈대떡,서울 종로구 종로5가 138-8
김가네김밥 서울역KDB점,서울 용산구 동자동 45
신의주 찹쌀순대 종로구청점,서울 종로구 종로1가 24
장충당족발,서울 강서구 등촌동 763
오늘,서울 강서구 공항동 53-58
내여자를부탁해 선릉직영점,서울 강남구 역삼동 707-24
강창구찹쌀진순대 가양역점,서울 강서구 등촌동 628
주식회사 에이치이디푸드,서울 강남구 역삼동 744-18
온마을즉석두부요리,서울 종로구 삼청동 123
숙성김치찜&찌개전문점(밥한민국 건대점),서울 광진구 화양동 113-1
계란집 문정점,서울 송파구 문정동 651
고씨네 문정점,서울 송파구 문정동 643-1
주식회사 신신,서울 송파구 문정동 643-1
델리케밥 (Deli kebab),서울 강서구 마곡동 800-4
여가반상,서울 강서구 마곡동 795-5
진세이우동 마곡점,서울 강서구 마곡동 801-1
모디라키친 마곡점,서울 강서구 마곡동 801-1
한식에 진심,서울 강서구 화곡동 409-9
게고픈날,서울 양천구 목동 794-20
마라연구소 김포공항점,서울 강서구 방화동 495-38
주식회사 일로컴바인(오늘은파스타),서울 송파구 방이동 167-7
화정양꼬치,서울 강서구 화곡동 776-7
쁢깔꼬 울루우,서울 강서구 화곡동 94-5
389윤족발,서울 강서구 화곡동 838-1
불향쭈꾸미,서울 강서구 화곡동 352-4
킹콩샐러드&디저트카페,서울 양천구 신월동 331-101
청록물산,서울 양천구 신월동 494-2
대박곱창,서울 양천구 신정동 1026-2
홍짜장방배점,서울 서초구 방배동 911-1
김치찜 팝니다,서울 은평구 대조동 171-6
미친 짜글이 은평점,서울 은평구 대조동 171-6
코리안 찌개타운 은평점,서울 은평구 대조동 171-6
딘딘향 마라탕 ,서울 성북구 동소문동5가 67-6
민똣,서울 영등포구 당산동1가 55
대림동 숙이네,서울 영등포구 대림동 858-22
병천정순대,서울 영등포구 문래동5가 10
백채 김치찌개,서울 영등포구 신길동 99-6
양복점 선유도역점,서울 영등포구 양평동4가 113
라화쿵부,서울 영등포구 영등포동 618-57
바로키친,서울 영등포구 영등포동7가 208
바로푸드,서울 영등포구 영등포동7가 208
대림동맛집,서울 영등포구 대림동 739-1
봉순이네 메밀막국수.한방수육,서울 영등포구 영등포동7가 208
느린마을양조장당산역점,서울 영등포구 당산동6가 338-2
소보로식당,서울 종로구 무악동 89
파스텔라 강남점,서울 강남구 역삼동 711-6
마이타입 샐러드,서울 종로구 당주동 100
고씨네메밀공방 서울역센트럴자이점,서울 중구 만리동2가 273
조선지24시 찌개마을,서울 용산구 갈월동 92-14
오병이어,서울 성북구 하월곡동 92-3
구구족 강남논현점,서울 강남구 논현동 148-13
디에스 에프앤비,서울 강남구 논현동 278-14
주니냉면,서울 강남구 논현동 278-14
무교동낙지,서울 강남구 도곡동 467-6
주식회사 옥된장 도곡,서울 강남구 도곡동 418
꿈의김밥,서울 서초구 서초동 1565-10
꿈의김밥,서울 강남구 삼성동 140-32
마라쿵쿵,서울 강남구 수서동 723
(주) 에스피엠플러스,서울 강남구 신사동 561-17
초가집삼계탕,서울 강남구 역삼동 696-6
귀족볶음밥,서울 강남구 역삼동 761-18
아구아구,서울 강남구 역삼동 704-44
오늘도 고기국밥,서울 강남구 역삼동 799-18
진전복삼계탕 강남구청점,서울 강남구 논현동 243-5
무교동유정낙지청담점,서울 강남구 청담동 131-10
주식회사 에르미,서울 강남구 청담동 127-19
식자재연구하는사람들,서울 광진구 화양동 113-1
미나리네 오징어,서울 관악구 봉천동 30-3
우발라,서울 강서구 마곡동 793-6
무지개수프,서울 강남구 역삼동 751-13
정 한뿌리죽 키친 삼성점,서울 강남구 삼성동 144-14
수비드 명품 갈비찜,서울 은평구 구산동 15-10
37.5 서래마을점,서울 서초구 반포동 106-8
우돈제주생고기,서울 송파구 오금동 129-22
내담,서울 송파구 풍납동 82-26
창해식탁,서울 강남구 신사동 614-7
오미닭강정,서울 강남구 대치동 316
구도로통닭 서울강서구청점,서울 강서구 화곡동 1115-26
제일면옥,서울 송파구 석촌동 283-3
라이브볼 문래,서울 영등포구 문래동3가 68
소문난 의정부 부대찌개 3호점,서울 동대문구 제기동 137-40
주식회사 에이치203,서울 강남구 대치동 944-21
올라포케 문정본점,서울 송파구 문정동 651
올라포케 강남점,서울 강남구 역삼동 826-37
정갈한 음식점,서울 송파구 석촌동 283-3
올라포케(HolaPoke) 선릉,서울 강남구 대치동 897-36
